{"timestamps": [1574704219.0165772, 1574704219.0548406, 1574704219.13888, 1574704228.5542226, 1574704228.6946266, 1574704228.77006, 1574704239.3759024, 1574704239.5115516, 1574704248.6568024, 1574704248.6851165, 1574704248.8199785, 1574704267.4351137, 1574704277.0370653, 1574704295.5410542, 1574704305.1779208, 1574704314.5764835, 1574704333.9289699, 1574704343.5381389, 1574704366.4609606, 1574704382.2129512, 1574704409.5010924, 1574704423.4146557, 1574704450.5833936, 1574704480.0584493, 1574704480.2925596, 1574704507.4806848, 1574704535.0572615, 1574704548.9492087], "episode_rewards": [27.0, 18.0, 43.0, 39.0, 68.0, 36.0, 67.0, 72.0, 11.0, 12.0, 76.0, 166.0, 200.0, 191.0, 136.0, 178.0, 200.0, 200.0, 181.0, 175.0, 200.0, 200.0, 200.0, 200.0, 80.0, 200.0, 200.0, 200.0], "episode_lengths": [27, 18, 43, 39, 68, 36, 67, 72, 11, 12, 76, 166, 200, 191, 136, 178, 200, 200, 181, 175, 200, 200, 200, 200, 80, 200, 200, 200], "initial_reset_timestamp": 1574704218.9507086, "episode_types": ["t", "t", "t", "t", "t", "t", "t", "t", "t", "t", "t", "t", "t", "t", "t", "t", "t", "t", "t", "t", "t", "t", "t", "t", "t", "t", "t", "t", "t"]}