{"timestamps": [1574704219.0005798, 1574704219.0291903, 1574704219.052513, 1574704219.0910552, 1574704219.1619196, 1574704219.1996527, 1574704228.6058652, 1574704228.6388369, 1574704228.6999297, 1574704228.749001, 1574704228.7879496, 1574704239.3386724, 1574704239.4070184, 1574704239.502996, 1574704248.8318672, 1574704258.027252, 1574704267.5890784, 1574704286.2612474, 1574704295.6620202, 1574704305.3193989, 1574704324.2685797, 1574704333.9904432, 1574704353.0410662, 1574704366.674226, 1574704395.7084906, 1574704423.0143716, 1574704436.868156, 1574704466.1889138, 1574704480.3074656, 1574704507.4895766, 1574704535.0691237, 1574704548.961595], "episode_rewards": [19.0, 14.0, 11.0, 18.0, 38.0, 19.0, 32.0, 17.0, 29.0, 24.0, 18.0, 36.0, 40.0, 52.0, 108.0, 47.0, 200.0, 200.0, 179.0, 126.0, 200.0, 153.0, 200.0, 200.0, 200.0, 200.0, 200.0, 200.0, 200.0, 200.0, 200.0, 200.0], "episode_lengths": [19, 14, 11, 18, 38, 19, 32, 17, 29, 24, 18, 36, 40, 52, 108, 47, 200, 200, 179, 126, 200, 153, 200, 200, 200, 200, 200, 200, 200, 200, 200, 200], "initial_reset_timestamp": 1574704218.9506543, "episode_types": ["t", "t", "t", "t", "t", "t", "t", "t", "t", "t", "t", "t", "t", "t", "t", "t", "t", "t", "t", "t", "t", "t", "t", "t", "t", "t", "t", "t", "t", "t", "t", "t", "t"]}