{"timestamps": [1574704219.0011902, 1574704219.097255, 1574704219.12557, 1574704219.1469216, 1574704219.1838694, 1574704228.571877, 1574704228.5982902, 1574704228.6396267, 1574704228.6633582, 1574704228.7265675, 1574704228.7651846, 1574704239.2951522, 1574704239.3507633, 1574704239.43575, 1574704239.4620469, 1574704248.7532778, 1574704258.018219, 1574704267.4413152, 1574704276.9954643, 1574704295.518996, 1574704305.2905781, 1574704324.2451997, 1574704324.3802593, 1574704334.0459092, 1574704343.5508459, 1574704366.5586827, 1574704395.6267169, 1574704409.5855854, 1574704436.7077708, 1574704450.6874309, 1574704480.1476994, 1574704507.3502154, 1574704521.1649284, 1574704548.8332067, 1574704562.270148], "episode_rewards": [19.0, 46.0, 15.0, 12.0, 20.0, 23.0, 11.0, 22.0, 12.0, 29.0, 20.0, 26.0, 27.0, 48.0, 15.0, 88.0, 84.0, 120.0, 177.0, 200.0, 200.0, 200.0, 78.0, 122.0, 133.0, 200.0, 200.0, 180.0, 200.0, 200.0, 200.0, 200.0, 200.0, 200.0, 200.0], "episode_lengths": [19, 46, 15, 12, 20, 23, 11, 22, 12, 29, 20, 26, 27, 48, 15, 88, 84, 120, 177, 200, 200, 200, 78, 122, 133, 200, 200, 180, 200, 200, 200, 200, 200, 200, 200], "initial_reset_timestamp": 1574704218.9516475, "episode_types": ["t", "t", "t", "t", "t", "t", "t", "t", "t", "t", "t", "t", "t", "t", "t", "t", "t", "t", "t", "t", "t", "t", "t", "t", "t", "t", "t", "t", "t", "t", "t", "t", "t", "t", "t", "t"]}