{"timestamps": [1574704219.0316412, 1574704219.0868058, 1574704219.1193202, 1574704219.1729207, 1574704219.2111344, 1574704228.5836287, 1574704228.6608272, 1574704228.711156, 1574704228.7797592, 1574704239.314117, 1574704239.3487518, 1574704239.4004474, 1574704239.4825993, 1574704239.5231817, 1574704248.7850144, 1574704258.0697212, 1574704258.1332743, 1574704258.1817822, 1574704267.5521739, 1574704267.57383, 1574704277.0223985, 1574704295.5454154, 1574704305.323886, 1574704324.271623, 1574704343.3536832, 1574704353.2895343, 1574704381.9429188, 1574704395.8256197, 1574704423.1222491, 1574704436.966404, 1574704466.2710462, 1574704493.6412737, 1574704507.5531704, 1574704535.1460996, 1574704549.0694988], "episode_rewards": [34.0, 26.0, 17.0, 28.0, 18.0, 16.0, 40.0, 23.0, 33.0, 27.0, 19.0, 31.0, 45.0, 18.0, 75.0, 99.0, 36.0, 29.0, 86.0, 13.0, 115.0, 200.0, 200.0, 200.0, 200.0, 200.0, 200.0, 200.0, 183.0, 200.0, 200.0, 200.0, 197.0, 200.0, 200.0], "episode_lengths": [34, 26, 17, 28, 18, 16, 40, 23, 33, 27, 19, 31, 45, 18, 75, 99, 36, 29, 86, 13, 115, 200, 200, 200, 200, 200, 200, 200, 183, 200, 200, 200, 197, 200, 200], "initial_reset_timestamp": 1574704218.9526203, "episode_types": ["t", "t", "t", "t", "t", "t", "t", "t", "t", "t", "t", "t", "t", "t", "t", "t", "t", "t", "t", "t", "t", "t", "t", "t", "t", "t", "t", "t", "t", "t", "t", "t", "t", "t", "t", "t"]}