{"timestamps": [1574704218.9910693, 1574704219.0360932, 1574704219.0728722, 1574704219.1234708, 1574704219.1696346, 1574704219.1947126, 1574704228.5542884, 1574704228.6462293, 1574704228.6745412, 1574704228.7154162, 1574704228.755762, 1574704228.794045, 1574704239.3183677, 1574704239.4459198, 1574704239.487586, 1574704248.7234309, 1574704248.7700636, 1574704248.8097053, 1574704258.0235229, 1574704258.1094632, 1574704267.4973326, 1574704277.02531, 1574704286.344032, 1574704305.1972406, 1574704314.626537, 1574704333.8856246, 1574704343.4338534, 1574704353.4147534, 1574704382.1025949, 1574704409.4368193, 1574704423.1963108, 1574704450.4226725, 1574704466.3320704, 1574704493.693287, 1574704507.613231, 1574704535.2177794, 1574704562.1223586], "episode_rewards": [15.0, 21.0, 18.0, 25.0, 25.0, 12.0, 11.0, 45.0, 13.0, 19.0, 20.0, 17.0, 23.0, 72.0, 24.0, 55.0, 28.0, 21.0, 56.0, 52.0, 96.0, 161.0, 143.0, 200.0, 200.0, 141.0, 159.0, 200.0, 200.0, 200.0, 161.0, 200.0, 200.0, 200.0, 200.0, 200.0, 200.0], "episode_lengths": [15, 21, 18, 25, 25, 12, 11, 45, 13, 19, 20, 17, 23, 72, 24, 55, 28, 21, 56, 52, 96, 161, 143, 200, 200, 141, 159, 200, 200, 200, 161, 200, 200, 200, 200, 200, 200], "initial_reset_timestamp": 1574704218.9506893, "episode_types": ["t", "t", "t", "t", "t", "t", "t", "t", "t", "t", "t", "t", "t", "t", "t", "t", "t", "t", "t", "t", "t", "t", "t", "t", "t", "t", "t", "t", "t", "t", "t", "t", "t", "t", "t", "t", "t", "t"]}