{"timestamps": [1574704219.0156844, 1574704219.1072052, 1574704219.1353562, 1574704219.1911876, 1574704219.2148108, 1574704228.6084402, 1574704228.635815, 1574704228.6845493, 1574704228.7105196, 1574704228.7363663, 1574704228.7692177, 1574704228.809536, 1574704239.3463175, 1574704239.3893936, 1574704248.7142284, 1574704257.9834604, 1574704267.4909658, 1574704277.0756965, 1574704295.5939655, 1574704305.2809, 1574704324.2372587, 1574704324.3580823, 1574704343.4193347, 1574704353.3725178, 1574704381.9991841, 1574704395.8570993, 1574704423.2251942, 1574704450.445764, 1574704466.3583584, 1574704493.7147317, 1574704507.6367047, 1574704535.2415218, 1574704562.1416247], "episode_rewards": [27.0, 44.0, 15.0, 29.0, 10.0, 27.0, 15.0, 22.0, 13.0, 12.0, 17.0, 18.0, 31.0, 26.0, 104.0, 92.0, 163.0, 193.0, 200.0, 152.0, 200.0, 69.0, 184.0, 184.0, 200.0, 195.0, 200.0, 200.0, 200.0, 200.0, 200.0, 200.0, 200.0], "episode_lengths": [27, 44, 15, 29, 10, 27, 15, 22, 13, 12, 17, 18, 31, 26, 104, 92, 163, 193, 200, 152, 200, 69, 184, 184, 200, 195, 200, 200, 200, 200, 200, 200, 200], "initial_reset_timestamp": 1574704218.9516475, "episode_types": ["t", "t", "t", "t", "t", "t", "t", "t", "t", "t", "t", "t", "t", "t", "t", "t", "t", "t", "t", "t", "t", "t", "t", "t", "t", "t", "t", "t", "t", "t", "t", "t", "t", "t"]}