{"timestamps": [1574704219.0211806, 1574704219.057683, 1574704219.1470213, 1574704219.1722257, 1574704219.2051218, 1574704228.5641503, 1574704228.598388, 1574704228.648719, 1574704228.6952147, 1574704228.8025777, 1574704239.3710778, 1574704239.4209309, 1574704239.4695811, 1574704248.6611323, 1574704248.8026862, 1574704258.103476, 1574704267.5387843, 1574704277.0595322, 1574704295.578847, 1574704305.3620315, 1574704314.6308024, 1574704333.9805908, 1574704343.5154114, 1574704366.4766262, 1574704382.3095818, 1574704409.5762854, 1574704436.701687, 1574704450.67971, 1574704480.1417894, 1574704493.9153361, 1574704521.1585505, 1574704548.8281844, 1574704562.2663524], "episode_rewards": [29.0, 17.0, 46.0, 13.0, 16.0, 10.0, 15.0, 27.0, 22.0, 50.0, 50.0, 26.0, 28.0, 34.0, 77.0, 109.0, 124.0, 156.0, 200.0, 200.0, 125.0, 200.0, 151.0, 200.0, 200.0, 200.0, 200.0, 200.0, 200.0, 200.0, 200.0, 200.0, 200.0], "episode_lengths": [29, 17, 46, 13, 16, 10, 15, 27, 22, 50, 50, 26, 28, 34, 77, 109, 124, 156, 200, 200, 125, 200, 151, 200, 200, 200, 200, 200, 200, 200, 200, 200, 200], "initial_reset_timestamp": 1574704218.9521701, "episode_types": ["t", "t", "t", "t", "t", "t", "t", "t", "t", "t", "t", "t", "t", "t", "t", "t", "t", "t", "t", "t", "t", "t", "t", "t", "t", "t", "t", "t", "t", "t", "t", "t", "t", "t"]}