{"timestamps": [1574704219.0097582, 1574704219.0400863, 1574704219.1149948, 1574704219.1555498, 1574704219.1915622, 1574704228.5619872, 1574704228.670491, 1574704228.7044382, 1574704228.7489963, 1574704228.7980134, 1574704239.292532, 1574704239.443644, 1574704239.4955587, 1574704248.6906385, 1574704257.9959123, 1574704258.1023757, 1574704258.130925, 1574704267.5124264, 1574704277.0947275, 1574704295.5730274, 1574704305.3567207, 1574704324.3017175, 1574704343.387734, 1574704353.31955, 1574704366.7045312, 1574704395.7335074, 1574704423.0542696, 1574704436.9029894, 1574704466.2193186, 1574704480.34274, 1574704507.5151293, 1574704535.0982711, 1574704549.0012317], "episode_rewards": [24.0, 14.0, 37.0, 22.0, 18.0, 15.0, 53.0, 16.0, 22.0, 22.0, 11.0, 81.0, 29.0, 32.0, 111.0, 62.0, 15.0, 93.0, 193.0, 176.0, 200.0, 200.0, 200.0, 184.0, 161.0, 200.0, 200.0, 200.0, 200.0, 200.0, 200.0, 200.0, 200.0], "episode_lengths": [24, 14, 37, 22, 18, 15, 53, 16, 22, 22, 11, 81, 29, 32, 111, 62, 15, 93, 193, 176, 200, 200, 200, 184, 161, 200, 200, 200, 200, 200, 200, 200, 200], "initial_reset_timestamp": 1574704218.952309, "episode_types": ["t", "t", "t", "t", "t", "t", "t", "t", "t", "t", "t", "t", "t", "t", "t", "t", "t", "t", "t", "t", "t", "t", "t", "t", "t", "t", "t", "t", "t", "t", "t", "t", "t", "t"]}