{"timestamps": [1574704218.9976034, 1574704219.0494225, 1574704219.0768504, 1574704219.1191967, 1574704219.1554885, 1574704219.1845598, 1574704228.6065617, 1574704228.6299708, 1574704228.6666672, 1574704228.704482, 1574704228.7534354, 1574704239.3873963, 1574704239.4559846, 1574704239.4929926, 1574704248.7779045, 1574704258.0793386, 1574704267.5775585, 1574704286.249685, 1574704295.6857967, 1574704314.5363135, 1574704333.8896692, 1574704334.0678532, 1574704353.2736177, 1574704381.7343621, 1574704395.7712722, 1574704423.1037889, 1574704436.9482377, 1574704466.2565246, 1574704493.6248856, 1574704507.5477562, 1574704535.1405976, 1574704549.0557957], "episode_rewards": [18.0, 25.0, 13.0, 21.0, 20.0, 15.0, 39.0, 13.0, 17.0, 18.0, 24.0, 82.0, 37.0, 21.0, 83.0, 109.0, 160.0, 200.0, 200.0, 200.0, 200.0, 110.0, 200.0, 181.0, 200.0, 200.0, 200.0, 200.0, 200.0, 200.0, 200.0, 200.0], "episode_lengths": [18, 25, 13, 21, 20, 15, 39, 13, 17, 18, 24, 82, 37, 21, 83, 109, 160, 200, 200, 200, 200, 110, 200, 181, 200, 200, 200, 200, 200, 200, 200, 200], "initial_reset_timestamp": 1574704218.952134, "episode_types": ["t", "t", "t", "t", "t", "t", "t", "t", "t", "t", "t", "t", "t", "t", "t", "t", "t", "t", "t", "t", "t", "t", "t", "t", "t", "t", "t", "t", "t", "t", "t", "t", "t"]}