{"timestamps": [1574704219.0172346, 1574704219.062189, 1574704219.1431131, 1574704228.5521595, 1574704228.594244, 1574704228.6299405, 1574704228.676903, 1574704228.755751, 1574704239.3386734, 1574704239.35711, 1574704239.4335, 1574704239.4948764, 1574704248.702379, 1574704258.1634514, 1574704267.4202838, 1574704267.586744, 1574704277.0096812, 1574704295.516432, 1574704305.146955, 1574704314.5156968, 1574704324.3175743, 1574704343.377887, 1574704353.2572913, 1574704381.8931231, 1574704395.807671, 1574704423.1565342, 1574704436.998469, 1574704466.2954063, 1574704493.6651864, 1574704507.5852623, 1574704535.1806438, 1574704549.106461], "episode_rewards": [27.0, 21.0, 42.0, 36.0, 18.0, 20.0, 22.0, 38.0, 51.0, 11.0, 43.0, 35.0, 40.0, 200.0, 24.0, 93.0, 100.0, 192.0, 133.0, 156.0, 153.0, 186.0, 180.0, 200.0, 200.0, 200.0, 200.0, 200.0, 200.0, 200.0, 200.0, 200.0], "episode_lengths": [27, 21, 42, 36, 18, 20, 22, 38, 51, 11, 43, 35, 40, 200, 24, 93, 100, 192, 133, 156, 153, 186, 180, 200, 200, 200, 200, 200, 200, 200, 200, 200], "initial_reset_timestamp": 1574704218.951722, "episode_types": ["t", "t", "t", "t", "t", "t", "t", "t", "t", "t", "t", "t", "t", "t", "t", "t", "t", "t", "t", "t", "t", "t", "t", "t", "t", "t", "t", "t", "t", "t", "t", "t", "t"]}