{"timestamps": [1574704219.1279426, 1574704219.2102845, 1574704228.6177404, 1574704228.7162676, 1574704228.7702105, 1574704239.2860212, 1574704239.4071038, 1574704239.5205834, 1574704248.7024775, 1574704248.7726643, 1574704258.1879063, 1574704277.002267, 1574704295.526376, 1574704305.1758025, 1574704314.489749, 1574704314.6224744, 1574704333.9735217, 1574704352.9652336, 1574704353.3835464, 1574704382.0136952, 1574704409.3763063, 1574704423.2626207, 1574704450.4725587, 1574704466.3978493, 1574704493.7432427, 1574704520.9259963, 1574704535.2807178, 1574704562.1584413], "episode_rewards": [81.0, 42.0, 35.0, 46.0, 27.0, 21.0, 63.0, 59.0, 30.0, 40.0, 173.0, 200.0, 200.0, 144.0, 123.0, 86.0, 200.0, 200.0, 83.0, 200.0, 200.0, 200.0, 200.0, 200.0, 200.0, 200.0, 200.0, 200.0], "episode_lengths": [81, 42, 35, 46, 27, 21, 63, 59, 30, 40, 173, 200, 200, 144, 123, 86, 200, 200, 83, 200, 200, 200, 200, 200, 200, 200, 200, 200], "initial_reset_timestamp": 1574704218.9516516, "episode_types": ["t", "t", "t", "t", "t", "t", "t", "t", "t", "t", "t", "t", "t", "t", "t", "t", "t", "t", "t", "t", "t", "t", "t", "t", "t", "t", "t", "t", "t"]}