{"timestamps": [1574704219.0133836, 1574704219.1112766, 1574704219.1467612, 1574704219.190576, 1574704228.559123, 1574704228.58541, 1574704228.6524029, 1574704228.768601, 1574704239.312792, 1574704239.3590922, 1574704239.4580224, 1574704239.509336, 1574704248.6771114, 1574704258.139333, 1574704258.1901197, 1574704267.5677266, 1574704277.0136235, 1574704295.5216196, 1574704305.2929096, 1574704324.247609, 1574704333.9443297, 1574704343.5561826, 1574704366.568526, 1574704395.6331642, 1574704409.6476064, 1574704436.7810295, 1574704450.7571938, 1574704480.210606, 1574704507.4155653, 1574704521.2446358, 1574704548.8861272, 1574704562.3033798], "episode_rewards": [26.0, 47.0, 19.0, 23.0, 14.0, 11.0, 35.0, 56.0, 31.0, 25.0, 56.0, 27.0, 19.0, 200.0, 29.0, 92.0, 113.0, 192.0, 200.0, 200.0, 135.0, 200.0, 200.0, 200.0, 200.0, 200.0, 200.0, 200.0, 200.0, 200.0, 200.0, 200.0], "episode_lengths": [26, 47, 19, 23, 14, 11, 35, 56, 31, 25, 56, 27, 19, 200, 29, 92, 113, 192, 200, 200, 135, 200, 200, 200, 200, 200, 200, 200, 200, 200, 200, 200], "initial_reset_timestamp": 1574704218.950603, "episode_types": ["t", "t", "t", "t", "t", "t", "t", "t", "t", "t", "t", "t", "t", "t", "t", "t", "t", "t", "t", "t", "t", "t", "t", "t", "t", "t", "t", "t", "t", "t", "t", "t", "t"]}