{"timestamps": [1574704218.9911103, 1574704219.0525556, 1574704219.0827837, 1574704219.1213946, 1574704219.1494489, 1574704219.1923823, 1574704228.5675862, 1574704228.5950232, 1574704228.6177468, 1574704228.728883, 1574704228.7728736, 1574704239.2833025, 1574704239.3184218, 1574704239.389475, 1574704239.4145596, 1574704239.5163126, 1574704248.7886047, 1574704248.8137808, 1574704258.095646, 1574704267.4705038, 1574704277.0662744, 1574704295.5318174, 1574704305.3024068, 1574704324.2563674, 1574704333.9368148, 1574704343.546692, 1574704366.5519514, 1574704395.6221974, 1574704409.4536488, 1574704423.3532548, 1574704450.5323987, 1574704479.9936147, 1574704493.8034043, 1574704521.0207229, 1574704535.3809462, 1574704562.1964743], "episode_rewards": [15.0, 29.0, 15.0, 19.0, 15.0, 22.0, 18.0, 11.0, 14.0, 52.0, 22.0, 19.0, 13.0, 42.0, 12.0, 54.0, 80.0, 14.0, 99.0, 88.0, 200.0, 167.0, 200.0, 200.0, 125.0, 200.0, 200.0, 200.0, 133.0, 200.0, 200.0, 200.0, 200.0, 200.0, 200.0, 200.0], "episode_lengths": [15, 29, 15, 19, 15, 22, 18, 11, 14, 52, 22, 19, 13, 42, 12, 54, 80, 14, 99, 88, 200, 167, 200, 200, 125, 200, 200, 200, 133, 200, 200, 200, 200, 200, 200, 200], "initial_reset_timestamp": 1574704218.9529195, "episode_types": ["t", "t", "t", "t", "t", "t", "t", "t", "t", "t", "t", "t", "t", "t", "t", "t", "t", "t", "t", "t", "t", "t", "t", "t", "t", "t", "t", "t", "t", "t", "t", "t", "t", "t", "t", "t", "t"]}