{"timestamps": [1574704219.0483804, 1574704219.081718, 1574704219.108009, 1574704219.1255558, 1574704219.1430929, 1574704219.1718056, 1574704219.2020068, 1574704228.5908523, 1574704228.6975453, 1574704228.7310464, 1574704228.7766068, 1574704239.326233, 1574704239.4285133, 1574704239.4998767, 1574704248.7105238, 1574704248.8471706, 1574704257.9921198, 1574704258.1217945, 1574704258.1975753, 1574704276.9994261, 1574704295.4872534, 1574704305.1124618, 1574704314.5593987, 1574704333.9119, 1574704343.5110362, 1574704366.452119, 1574704382.287331, 1574704409.5560572, 1574704436.6853874, 1574704450.6561863, 1574704480.1236057, 1574704493.8980265, 1574704521.1389968, 1574704548.8109212, 1574704562.255534], "episode_rewards": [43.0, 16.0, 12.0, 9.0, 10.0, 15.0, 15.0, 22.0, 54.0, 15.0, 23.0, 34.0, 58.0, 40.0, 42.0, 76.0, 21.0, 74.0, 43.0, 194.0, 185.0, 128.0, 200.0, 200.0, 194.0, 195.0, 200.0, 200.0, 200.0, 200.0, 200.0, 200.0, 200.0, 200.0, 200.0], "episode_lengths": [43, 16, 12, 9, 10, 15, 15, 22, 54, 15, 23, 34, 58, 40, 42, 76, 21, 74, 43, 194, 185, 128, 200, 200, 194, 195, 200, 200, 200, 200, 200, 200, 200, 200, 200], "initial_reset_timestamp": 1574704218.9525886, "episode_types": ["t", "t", "t", "t", "t", "t", "t", "t", "t", "t", "t", "t", "t", "t", "t", "t", "t", "t", "t", "t", "t", "t", "t", "t", "t", "t", "t", "t", "t", "t", "t", "t", "t", "t", "t", "t"]}