{"timestamps": [1574704219.025101, 1574704219.0600471, 1574704219.1172004, 1574704219.1432118, 1574704219.2042174, 1574704228.569632, 1574704228.6203284, 1574704228.742023, 1574704228.784579, 1574704239.2925367, 1574704239.453693, 1574704239.495627, 1574704248.6828537, 1574704248.7592297, 1574704258.062462, 1574704267.4279158, 1574704267.6172712, 1574704286.219642, 1574704295.5904086, 1574704314.449521, 1574704324.3201501, 1574704343.4065247, 1574704353.389031, 1574704382.028893, 1574704409.3852773, 1574704423.2729137, 1574704450.4799697, 1574704466.4075034, 1574704493.7499177, 1574704520.939636, 1574704535.2970338, 1574704562.1637325], "episode_rewards": [31.0, 16.0, 29.0, 14.0, 31.0, 13.0, 25.0, 58.0, 20.0, 17.0, 87.0, 23.0, 28.0, 44.0, 109.0, 86.0, 109.0, 157.0, 159.0, 200.0, 200.0, 200.0, 200.0, 200.0, 200.0, 200.0, 200.0, 200.0, 200.0, 200.0, 200.0, 200.0], "episode_lengths": [31, 16, 29, 14, 31, 13, 25, 58, 20, 17, 87, 23, 28, 44, 109, 86, 109, 157, 159, 200, 200, 200, 200, 200, 200, 200, 200, 200, 200, 200, 200, 200], "initial_reset_timestamp": 1574704218.952602, "episode_types": ["t", "t", "t", "t", "t", "t", "t", "t", "t", "t", "t", "t", "t", "t", "t", "t", "t", "t", "t", "t", "t", "t", "t", "t", "t", "t", "t", "t", "t", "t", "t", "t", "t"]}