{"timestamps": [1574704219.0334277, 1574704219.0513842, 1574704219.1037107, 1574704219.1410239, 1574704219.19211, 1574704228.5900996, 1574704228.6655037, 1574704228.718234, 1574704228.7641315, 1574704239.2820413, 1574704239.4715765, 1574704248.7348223, 1574704248.7982495, 1574704257.9812794, 1574704258.1255965, 1574704258.1472178, 1574704267.4761217, 1574704277.071784, 1574704286.2439492, 1574704295.6798902, 1574704305.2982945, 1574704314.5436804, 1574704333.8946788, 1574704343.444902, 1574704366.3355358, 1574704382.1241298, 1574704409.4535365, 1574704423.3512287, 1574704450.5336995, 1574704479.9934313, 1574704493.8041, 1574704521.0205643, 1574704535.379278, 1574704562.1963227], "episode_rewards": [35.0, 9.0, 25.0, 20.0, 26.0, 27.0, 39.0, 24.0, 24.0, 22.0, 99.0, 72.0, 36.0, 43.0, 80.0, 13.0, 62.0, 200.0, 56.0, 200.0, 106.0, 101.0, 199.0, 160.0, 200.0, 200.0, 200.0, 200.0, 200.0, 200.0, 200.0, 200.0, 200.0, 200.0], "episode_lengths": [35, 9, 25, 20, 26, 27, 39, 24, 24, 22, 99, 72, 36, 43, 80, 13, 62, 200, 56, 200, 106, 101, 199, 160, 200, 200, 200, 200, 200, 200, 200, 200, 200, 200], "initial_reset_timestamp": 1574704218.952134, "episode_types": ["t", "t", "t", "t", "t", "t", "t", "t", "t", "t", "t", "t", "t", "t", "t", "t", "t", "t", "t", "t", "t", "t", "t", "t", "t", "t", "t", "t", "t", "t", "t", "t", "t", "t", "t"]}