{"episode_lengths": [29, 17, 46, 13, 16, 10, 31, 28, 52, 42, 121, 150, 200, 154, 143, 200, 200, 200, 200, 195, 200, 200, 200, 200, 200, 200, 200, 200, 200, 200, 200, 200, 200, 200, 200, 200, 200, 200, 200, 200, 200, 200, 200, 200, 200, 200, 200, 200, 200, 200, 200, 200, 200, 200, 49, 55, 11, 13, 10, 200, 200, 200, 200, 200, 200, 200, 200, 200, 200, 200, 200, 200, 200, 200, 200, 200], "initial_reset_timestamp": 1573026867.3823652, "timestamps": [1573026867.446392, 1573026867.499324, 1573026867.598875, 1573026867.6263478, 1573026867.6592343, 1573026867.9304814, 1573026867.9848669, 1573026868.0323346, 1573026868.1270528, 1573026868.4986055, 1573026868.9416468, 1573026869.3917763, 1573026870.420292, 1573026871.699941, 1573026872.4661372, 1573026873.9304304, 1573026874.797493, 1573026875.976722, 1573026876.9479723, 1573026878.2859006, 1573026879.147555, 1573026880.3491173, 1573026881.6841595, 1573026882.6040103, 1573026883.7450516, 1573026884.6002195, 1573026885.692161, 1573026886.8793774, 1573026887.9830458, 1573026889.1069293, 1573026889.9419594, 1573026891.2007084, 1573026892.400815, 1573026893.3222082, 1573026894.4939036, 1573026895.4477568, 1573026896.7343166, 1573026898.2046137, 1573026899.209192, 1573026900.6860874, 1573026901.6521802, 1573026903.0856533, 1573026904.4367018, 1573026905.5115232, 1573026906.7063026, 1573026907.5115263, 1573026908.3522534, 1573026909.2590628, 1573026910.110849, 1573026911.3577156, 1573026912.6193266, 1573026913.7379873, 1573026914.8705807, 1573026915.7253397, 1573026916.1945746, 1573026916.365923, 1573026916.4044404, 1573026916.4479866, 1573026916.476087, 1573026917.7116401, 1573026918.8699079, 1573026919.730172, 1573026920.8843353, 1573026921.8291488, 1573026923.0030763, 1573026924.2887561, 1573026925.3777392, 1573026926.5758507, 1573026927.4623685, 1573026928.7184749, 1573026930.1556964, 1573026931.2226086, 1573026932.439508, 1573026933.3921158, 1573026934.7610016, 1573026936.1497223], "episode_types": ["t", "t", "t", "t", "t", "t", "t", "t", "t", "t", "t", "t", "t", "t", "t", "t", "t", "t", "t", "t", "t", "t", "t", "t", "t", "t", "t", "t", "t", "t", "t", "t", "t", "t", "t", "t", "t", "t", "t", "t", "t", "t", "t", "t", "t", "t", "t", "t", "t", "t", "t", "t", "t", "t", "t", "t", "t", "t", "t", "t", "t", "t", "t", "t", "t", "t", "t", "t", "t", "t", "t", "t", "t", "t", "t", "t", "t"], "episode_rewards": [29.0, 17.0, 46.0, 13.0, 16.0, 10.0, 31.0, 28.0, 52.0, 42.0, 121.0, 150.0, 200.0, 154.0, 143.0, 200.0, 200.0, 200.0, 200.0, 195.0, 200.0, 200.0, 200.0, 200.0, 200.0, 200.0, 200.0, 200.0, 200.0, 200.0, 200.0, 200.0, 200.0, 200.0, 200.0, 200.0, 200.0, 200.0, 200.0, 200.0, 200.0, 200.0, 200.0, 200.0, 200.0, 200.0, 200.0, 200.0, 200.0, 200.0, 200.0, 200.0, 200.0, 200.0, 49.0, 55.0, 11.0, 13.0, 10.0, 200.0, 200.0, 200.0, 200.0, 200.0, 200.0, 200.0, 200.0, 200.0, 200.0, 200.0, 200.0, 200.0, 200.0, 200.0, 200.0, 200.0]}