{"episode_lengths": [15, 21, 18, 25, 25, 12, 11, 41, 29, 87, 29, 111, 141, 195, 138, 144, 200, 200, 200, 168, 175, 200, 200, 200, 200, 200, 200, 200, 200, 200, 200, 200, 200, 200, 200, 200, 200, 200, 200, 200, 200, 200, 200, 200, 200, 200, 200, 200, 200, 200, 200, 200, 200, 200, 200, 158, 54, 200, 200, 200, 200, 200, 200, 200, 200, 200, 200, 200, 200, 200, 200, 200, 200, 200], "initial_reset_timestamp": 1573026867.3808267, "timestamps": [1573026867.41668, 1573026867.4762414, 1573026867.515598, 1573026867.5717518, 1573026867.622942, 1573026867.6498601, 1573026867.9196506, 1573026867.993967, 1573026868.0469313, 1573026868.4978728, 1573026868.54816, 1573026868.971094, 1573026869.4101694, 1573026870.4601984, 1573026871.6475716, 1573026872.4342992, 1573026873.5964541, 1573026874.767071, 1573026875.9480503, 1573026876.8205972, 1573026877.7462962, 1573026878.9514651, 1573026880.1437182, 1573026881.1365583, 1573026882.4366379, 1573026883.2782235, 1573026884.4310753, 1573026885.5425584, 1573026886.3570824, 1573026887.7674303, 1573026888.6143963, 1573026889.7668397, 1573026890.9782314, 1573026891.8981063, 1573026893.1702645, 1573026894.0160933, 1573026895.251095, 1573026896.4867356, 1573026897.6975021, 1573026898.9919147, 1573026900.0975518, 1573026901.46552, 1573026902.8637178, 1573026903.9479723, 1573026905.2490962, 1573026906.2612755, 1573026907.3629088, 1573026908.2453787, 1573026908.8157427, 1573026909.955772, 1573026910.861003, 1573026912.310209, 1573026913.581535, 1573026914.4200108, 1573026915.562274, 1573026916.3256645, 1573026916.509264, 1573026917.769445, 1573026918.9128766, 1573026919.762551, 1573026920.9226043, 1573026921.8710136, 1573026923.0349536, 1573026924.3317065, 1573026925.4228003, 1573026926.6135952, 1573026927.5063558, 1573026928.76752, 1573026930.2032516, 1573026931.2510016, 1573026932.4766047, 1573026933.4292996, 1573026934.7996807, 1573026936.1834583], "episode_types": ["t", "t", "t", "t", "t", "t", "t", "t", "t", "t", "t", "t", "t", "t", "t", "t", "t", "t", "t", "t", "t", "t", "t", "t", "t", "t", "t", "t", "t", "t", "t", "t", "t", "t", "t", "t", "t", "t", "t", "t", "t", "t", "t", "t", "t", "t", "t", "t", "t", "t", "t", "t", "t", "t", "t", "t", "t", "t", "t", "t", "t", "t", "t", "t", "t", "t", "t", "t", "t", "t", "t", "t", "t", "t", "t"], "episode_rewards": [15.0, 21.0, 18.0, 25.0, 25.0, 12.0, 11.0, 41.0, 29.0, 87.0, 29.0, 111.0, 141.0, 195.0, 138.0, 144.0, 200.0, 200.0, 200.0, 168.0, 175.0, 200.0, 200.0, 200.0, 200.0, 200.0, 200.0, 200.0, 200.0, 200.0, 200.0, 200.0, 200.0, 200.0, 200.0, 200.0, 200.0, 200.0, 200.0, 200.0, 200.0, 200.0, 200.0, 200.0, 200.0, 200.0, 200.0, 200.0, 200.0, 200.0, 200.0, 200.0, 200.0, 200.0, 200.0, 158.0, 54.0, 200.0, 200.0, 200.0, 200.0, 200.0, 200.0, 200.0, 200.0, 200.0, 200.0, 200.0, 200.0, 200.0, 200.0, 200.0, 200.0, 200.0]}