{"episode_lengths": [34, 26, 17, 28, 18, 32, 21, 32, 25, 55, 200, 126, 181, 160, 200, 200, 200, 200, 151, 200, 200, 200, 200, 200, 200, 200, 200, 200, 200, 200, 200, 200, 200, 200, 200, 200, 200, 200, 200, 200, 200, 200, 200, 200, 200, 200, 200, 200, 200, 200, 200, 200, 200, 200, 11, 11, 42, 10, 10, 200, 200, 200, 200, 200, 200, 200, 200, 200, 200, 200, 200, 200, 200, 200, 200, 200], "initial_reset_timestamp": 1573026867.382834, "timestamps": [1573026867.466292, 1573026867.528856, 1573026867.5658724, 1573026867.627059, 1573026867.664058, 1573026867.9717903, 1573026868.0078514, 1573026868.0654585, 1573026868.1100237, 1573026868.5059915, 1573026869.088774, 1573026869.4937427, 1573026870.6763418, 1573026871.8333778, 1573026873.1907525, 1573026874.2193053, 1573026875.4096053, 1573026876.640186, 1573026877.4705997, 1573026878.4991503, 1573026879.6168203, 1573026880.9012053, 1573026881.870868, 1573026883.0507452, 1573026883.9400227, 1573026885.0594375, 1573026886.125289, 1573026887.0791225, 1573026888.4129162, 1573026889.2674484, 1573026890.4135375, 1573026891.7037673, 1573026892.6295574, 1573026893.7824342, 1573026894.7009318, 1573026895.9299343, 1573026897.3460383, 1573026898.3790598, 1573026899.8292098, 1573026900.9023113, 1573026902.2409053, 1573026903.669951, 1573026904.661879, 1573026906.0455484, 1573026906.8779097, 1573026907.937244, 1573026908.67568, 1573026909.452744, 1573026910.5906482, 1573026911.5403664, 1573026913.0917158, 1573026914.2246969, 1573026915.050778, 1573026916.2225788, 1573026916.2496839, 1573026916.2788148, 1573026916.4362674, 1573026916.462829, 1573026916.489656, 1573026917.7347662, 1573026918.8877785, 1573026919.7425218, 1573026920.9007242, 1573026921.8465054, 1573026923.0166473, 1573026924.3074996, 1573026925.3961523, 1573026926.5918086, 1573026927.4817626, 1573026928.7460303, 1573026930.1742952, 1573026931.2344418, 1573026932.4559357, 1573026933.4086156, 1573026934.777026, 1573026936.1668694], "episode_types": ["t", "t", "t", "t", "t", "t", "t", "t", "t", "t", "t", "t", "t", "t", "t", "t", "t", "t", "t", "t", "t", "t", "t", "t", "t", "t", "t", "t", "t", "t", "t", "t", "t", "t", "t", "t", "t", "t", "t", "t", "t", "t", "t", "t", "t", "t", "t", "t", "t", "t", "t", "t", "t", "t", "t", "t", "t", "t", "t", "t", "t", "t", "t", "t", "t", "t", "t", "t", "t", "t", "t", "t", "t", "t", "t", "t", "t"], "episode_rewards": [34.0, 26.0, 17.0, 28.0, 18.0, 32.0, 21.0, 32.0, 25.0, 55.0, 200.0, 126.0, 181.0, 160.0, 200.0, 200.0, 200.0, 200.0, 151.0, 200.0, 200.0, 200.0, 200.0, 200.0, 200.0, 200.0, 200.0, 200.0, 200.0, 200.0, 200.0, 200.0, 200.0, 200.0, 200.0, 200.0, 200.0, 200.0, 200.0, 200.0, 200.0, 200.0, 200.0, 200.0, 200.0, 200.0, 200.0, 200.0, 200.0, 200.0, 200.0, 200.0, 200.0, 200.0, 11.0, 11.0, 42.0, 10.0, 10.0, 200.0, 200.0, 200.0, 200.0, 200.0, 200.0, 200.0, 200.0, 200.0, 200.0, 200.0, 200.0, 200.0, 200.0, 200.0, 200.0, 200.0]}