{"episode_lengths": [27, 44, 15, 29, 10, 33, 38, 35, 96, 37, 176, 164, 168, 200, 200, 200, 200, 200, 171, 200, 200, 200, 200, 200, 200, 200, 200, 200, 200, 200, 200, 200, 200, 200, 200, 200, 200, 200, 200, 200, 200, 200, 200, 200, 200, 200, 200, 200, 200, 200, 200, 200, 200, 99, 12, 50, 200, 200, 200, 200, 200, 200, 200, 200, 200, 200, 200, 200, 200, 200, 200, 200, 200], "initial_reset_timestamp": 1573026867.3817837, "timestamps": [1573026867.4420588, 1573026867.5508792, 1573026867.5847952, 1573026867.646977, 1573026867.6673515, 1573026867.9764698, 1573026868.04206, 1573026868.1058285, 1573026868.569389, 1573026868.639268, 1573026869.3657284, 1573026869.9269357, 1573026871.2175124, 1573026872.525739, 1573026873.9973638, 1573026874.8511045, 1573026876.032728, 1573026877.0189147, 1573026878.272152, 1573026879.1341991, 1573026880.3385859, 1573026881.6731582, 1573026882.59246, 1573026883.7272813, 1573026884.5874915, 1573026885.679918, 1573026886.8660748, 1573026887.9691298, 1573026889.0970137, 1573026889.9279954, 1573026891.1862564, 1573026892.362398, 1573026893.3106902, 1573026894.4769127, 1573026895.4336307, 1573026896.7200234, 1573026898.191999, 1573026899.196541, 1573026900.6713417, 1573026901.6367152, 1573026903.0710142, 1573026904.4239814, 1573026905.4993181, 1573026906.6962206, 1573026907.5001378, 1573026908.3446493, 1573026909.248667, 1573026910.1009047, 1573026911.3446274, 1573026912.6068401, 1573026913.7265515, 1573026914.861016, 1573026915.71272, 1573026916.3214674, 1573026916.3753226, 1573026916.8355026, 1573026917.7993493, 1573026918.9368305, 1573026919.7855623, 1573026920.94801, 1573026922.2124035, 1573026923.0573673, 1573026924.3546028, 1573026925.4460828, 1573026926.636406, 1573026927.8518157, 1573026928.7989151, 1573026930.2280989, 1573026931.2754016, 1573026932.5040112, 1573026933.7501004, 1573026934.8246403, 1573026936.2124853], "episode_types": ["t", "t", "t", "t", "t", "t", "t", "t", "t", "t", "t", "t", "t", "t", "t", "t", "t", "t", "t", "t", "t", "t", "t", "t", "t", "t", "t", "t", "t", "t", "t", "t", "t", "t", "t", "t", "t", "t", "t", "t", "t", "t", "t", "t", "t", "t", "t", "t", "t", "t", "t", "t", "t", "t", "t", "t", "t", "t", "t", "t", "t", "t", "t", "t", "t", "t", "t", "t", "t", "t", "t", "t", "t", "t"], "episode_rewards": [27.0, 44.0, 15.0, 29.0, 10.0, 33.0, 38.0, 35.0, 96.0, 37.0, 176.0, 164.0, 168.0, 200.0, 200.0, 200.0, 200.0, 200.0, 171.0, 200.0, 200.0, 200.0, 200.0, 200.0, 200.0, 200.0, 200.0, 200.0, 200.0, 200.0, 200.0, 200.0, 200.0, 200.0, 200.0, 200.0, 200.0, 200.0, 200.0, 200.0, 200.0, 200.0, 200.0, 200.0, 200.0, 200.0, 200.0, 200.0, 200.0, 200.0, 200.0, 200.0, 200.0, 99.0, 12.0, 50.0, 200.0, 200.0, 200.0, 200.0, 200.0, 200.0, 200.0, 200.0, 200.0, 200.0, 200.0, 200.0, 200.0, 200.0, 200.0, 200.0, 200.0]}