{"episode_lengths": [27, 18, 43, 39, 42, 64, 64, 71, 76, 200, 200, 85, 186, 192, 200, 200, 200, 200, 200, 200, 200, 200, 200, 200, 200, 200, 200, 200, 200, 200, 200, 200, 200, 200, 200, 200, 200, 200, 200, 200, 200, 200, 200, 200, 200, 200, 200, 200, 200, 200, 200, 200, 38, 11, 12, 200, 200, 200, 200, 200, 200, 200, 200, 200, 200, 200, 200, 200, 200, 200, 200, 200], "initial_reset_timestamp": 1573026867.380802, "timestamps": [1573026867.4421034, 1573026867.4968033, 1573026867.5884995, 1573026867.9186292, 1573026867.9962637, 1573026868.109798, 1573026868.5237954, 1573026868.6458838, 1573026869.0100837, 1573026869.8219767, 1573026871.0621161, 1573026871.7619395, 1573026872.6504776, 1573026874.0947366, 1573026875.2505043, 1573026876.163781, 1573026877.4742827, 1573026878.5026858, 1573026879.6198773, 1573026880.9047048, 1573026881.873792, 1573026883.0535731, 1573026883.9425375, 1573026885.064649, 1573026886.1301634, 1573026887.0833178, 1573026888.4156594, 1573026889.2704945, 1573026890.416343, 1573026891.706817, 1573026892.6330464, 1573026893.7855234, 1573026894.7060513, 1573026895.9326599, 1573026897.3492377, 1573026898.384341, 1573026899.8354115, 1573026900.9057825, 1573026902.2473872, 1573026903.67292, 1573026904.666154, 1573026906.0483627, 1573026906.8814797, 1573026907.9405487, 1573026908.6777513, 1573026909.4557016, 1573026910.593803, 1573026911.543132, 1573026913.0971708, 1573026914.2291758, 1573026915.0556757, 1573026916.2259884, 1573026916.3378484, 1573026916.3821661, 1573026916.428446, 1573026917.6441543, 1573026918.5272205, 1573026919.6801095, 1573026920.8238385, 1573026921.7703052, 1573026922.9627097, 1573026923.8444324, 1573026925.3175232, 1573026926.523027, 1573026927.4053805, 1573026928.6438534, 1573026929.7432675, 1573026931.1727273, 1573026932.3920712, 1573026933.3403263, 1573026934.7111876, 1573026935.7674909], "episode_types": ["t", "t", "t", "t", "t", "t", "t", "t", "t", "t", "t", "t", "t", "t", "t", "t", "t", "t", "t", "t", "t", "t", "t", "t", "t", "t", "t", "t", "t", "t", "t", "t", "t", "t", "t", "t", "t", "t", "t", "t", "t", "t", "t", "t", "t", "t", "t", "t", "t", "t", "t", "t", "t", "t", "t", "t", "t", "t", "t", "t", "t", "t", "t", "t", "t", "t", "t", "t", "t", "t", "t", "t", "t"], "episode_rewards": [27.0, 18.0, 43.0, 39.0, 42.0, 64.0, 64.0, 71.0, 76.0, 200.0, 200.0, 85.0, 186.0, 192.0, 200.0, 200.0, 200.0, 200.0, 200.0, 200.0, 200.0, 200.0, 200.0, 200.0, 200.0, 200.0, 200.0, 200.0, 200.0, 200.0, 200.0, 200.0, 200.0, 200.0, 200.0, 200.0, 200.0, 200.0, 200.0, 200.0, 200.0, 200.0, 200.0, 200.0, 200.0, 200.0, 200.0, 200.0, 200.0, 200.0, 200.0, 200.0, 38.0, 11.0, 12.0, 200.0, 200.0, 200.0, 200.0, 200.0, 200.0, 200.0, 200.0, 200.0, 200.0, 200.0, 200.0, 200.0, 200.0, 200.0, 200.0, 200.0]}