{"episode_lengths": [27, 21, 42, 36, 63, 200, 200, 166, 200, 200, 200, 200, 200, 161, 165, 200, 200, 200, 200, 200, 200, 200, 200, 200, 200, 200, 200, 200, 200, 200, 200, 200, 200, 200, 200, 200, 200, 200, 200, 200, 200, 200, 200, 200, 200, 200, 200, 200, 200, 10, 109, 200, 200, 200, 200, 200, 200, 200, 200, 200, 200, 200, 200, 200, 200, 200, 200, 200], "initial_reset_timestamp": 1573026867.3818235, "timestamps": [1573026867.4427977, 1573026867.5043054, 1573026867.59296, 1573026867.9163475, 1573026868.029628, 1573026868.9163053, 1573026869.4523528, 1573026870.4072988, 1573026871.8333917, 1573026873.1918716, 1573026874.2210007, 1573026875.4092896, 1573026876.6399791, 1573026877.5034342, 1573026878.412052, 1573026879.535209, 1573026880.4525592, 1573026881.7914612, 1573026882.9718392, 1573026883.8607929, 1573026884.9939852, 1573026885.7719173, 1573026886.9870286, 1573026888.3496726, 1573026889.1933987, 1573026890.343733, 1573026891.313101, 1573026892.5466921, 1573026893.7240179, 1573026894.6043708, 1573026895.8572166, 1573026896.8900433, 1573026898.3055212, 1573026899.7283797, 1573026900.8099122, 1573026902.1380317, 1573026903.221549, 1573026904.566019, 1573026905.9776313, 1573026906.8054733, 1573026907.8872714, 1573026908.428695, 1573026909.3762891, 1573026910.5116537, 1573026911.4612005, 1573026913.022218, 1573026913.8242567, 1573026914.981878, 1573026916.1487272, 1573026916.1792746, 1573026916.5186927, 1573026917.7824638, 1573026918.9223347, 1573026919.7710235, 1573026920.932706, 1573026921.8815877, 1573026923.0445423, 1573026924.3375163, 1573026925.4308827, 1573026926.6231208, 1573026927.5157232, 1573026928.781255, 1573026930.2141037, 1573026931.2589757, 1573026932.4874997, 1573026933.438848, 1573026934.8087382, 1573026936.1950874], "episode_types": ["t", "t", "t", "t", "t", "t", "t", "t", "t", "t", "t", "t", "t", "t", "t", "t", "t", "t", "t", "t", "t", "t", "t", "t", "t", "t", "t", "t", "t", "t", "t", "t", "t", "t", "t", "t", "t", "t", "t", "t", "t", "t", "t", "t", "t", "t", "t", "t", "t", "t", "t", "t", "t", "t", "t", "t", "t", "t", "t", "t", "t", "t", "t", "t", "t", "t", "t", "t", "t"], "episode_rewards": [27.0, 21.0, 42.0, 36.0, 63.0, 200.0, 200.0, 166.0, 200.0, 200.0, 200.0, 200.0, 200.0, 161.0, 165.0, 200.0, 200.0, 200.0, 200.0, 200.0, 200.0, 200.0, 200.0, 200.0, 200.0, 200.0, 200.0, 200.0, 200.0, 200.0, 200.0, 200.0, 200.0, 200.0, 200.0, 200.0, 200.0, 200.0, 200.0, 200.0, 200.0, 200.0, 200.0, 200.0, 200.0, 200.0, 200.0, 200.0, 200.0, 10.0, 109.0, 200.0, 200.0, 200.0, 200.0, 200.0, 200.0, 200.0, 200.0, 200.0, 200.0, 200.0, 200.0, 200.0, 200.0, 200.0, 200.0, 200.0]}