{"episode_lengths": [24, 14, 37, 22, 18, 17, 27, 38, 18, 32, 84, 117, 200, 159, 120, 199, 200, 200, 156, 163, 146, 200, 200, 200, 200, 200, 200, 200, 200, 200, 200, 200, 200, 200, 200, 200, 200, 200, 200, 200, 200, 200, 200, 200, 200, 200, 200, 200, 200, 200, 200, 200, 200, 200, 200, 139, 10, 83, 60, 200, 200, 200, 200, 200, 200, 200, 200, 200, 200, 200, 200, 200, 200, 200, 200, 200], "initial_reset_timestamp": 1573026867.382365, "timestamps": [1573026867.4347556, 1573026867.4803567, 1573026867.5594635, 1573026867.6094153, 1573026867.6463022, 1573026867.9324179, 1573026867.9788356, 1573026868.0448864, 1573026868.0772672, 1573026868.1361425, 1573026868.5771165, 1573026869.0174942, 1573026869.830406, 1573026870.7541578, 1573026871.75598, 1573026873.043074, 1573026874.144726, 1573026875.3117793, 1573026876.0739791, 1573026876.919845, 1573026877.763947, 1573026878.9654546, 1573026880.1583073, 1573026881.1548598, 1573026882.4583993, 1573026883.295135, 1573026884.4476392, 1573026885.5579052, 1573026886.3750226, 1573026887.7900822, 1573026888.6320367, 1573026889.7829773, 1573026891.014271, 1573026891.914682, 1573026893.1868994, 1573026894.0357404, 1573026895.2710748, 1573026896.506906, 1573026897.727168, 1573026899.0145953, 1573026900.1197433, 1573026901.4837794, 1573026902.884188, 1573026903.9686096, 1573026905.2721965, 1573026906.2770026, 1573026907.3779562, 1573026908.2581687, 1573026908.8397608, 1573026909.9732418, 1573026910.8816278, 1573026912.3590145, 1573026913.599313, 1573026914.4359744, 1573026915.5779777, 1573026916.2839036, 1573026916.3153615, 1573026916.8998604, 1573026917.0403957, 1573026918.306884, 1573026919.1519275, 1573026920.2748127, 1573026921.5085802, 1573026922.434069, 1573026923.5631845, 1573026924.6208453, 1573026925.9866388, 1573026927.1654115, 1573026928.0827725, 1573026929.4404383, 1573026930.4875584, 1573026931.8006628, 1573026933.0757613, 1573026934.0730753, 1573026935.5048873, 1573026936.4870555], "episode_types": ["t", "t", "t", "t", "t", "t", "t", "t", "t", "t", "t", "t", "t", "t", "t", "t", "t", "t", "t", "t", "t", "t", "t", "t", "t", "t", "t", "t", "t", "t", "t", "t", "t", "t", "t", "t", "t", "t", "t", "t", "t", "t", "t", "t", "t", "t", "t", "t", "t", "t", "t", "t", "t", "t", "t", "t", "t", "t", "t", "t", "t", "t", "t", "t", "t", "t", "t", "t", "t", "t", "t", "t", "t", "t", "t", "t", "t"], "episode_rewards": [24.0, 14.0, 37.0, 22.0, 18.0, 17.0, 27.0, 38.0, 18.0, 32.0, 84.0, 117.0, 200.0, 159.0, 120.0, 199.0, 200.0, 200.0, 156.0, 163.0, 146.0, 200.0, 200.0, 200.0, 200.0, 200.0, 200.0, 200.0, 200.0, 200.0, 200.0, 200.0, 200.0, 200.0, 200.0, 200.0, 200.0, 200.0, 200.0, 200.0, 200.0, 200.0, 200.0, 200.0, 200.0, 200.0, 200.0, 200.0, 200.0, 200.0, 200.0, 200.0, 200.0, 200.0, 200.0, 139.0, 10.0, 83.0, 60.0, 200.0, 200.0, 200.0, 200.0, 200.0, 200.0, 200.0, 200.0, 200.0, 200.0, 200.0, 200.0, 200.0, 200.0, 200.0, 200.0, 200.0]}