{"episode_lengths": [19, 46, 15, 12, 20, 48, 52, 44, 178, 94, 177, 141, 200, 131, 196, 200, 200, 159, 200, 200, 200, 200, 200, 200, 200, 200, 200, 200, 200, 200, 200, 200, 200, 200, 200, 200, 200, 200, 200, 200, 200, 200, 200, 200, 200, 200, 200, 200, 200, 200, 200, 200, 200, 10, 54, 62, 12, 200, 200, 200, 200, 200, 200, 200, 200, 200, 200, 200, 200, 200, 200, 200, 200, 200], "initial_reset_timestamp": 1573026867.3817837, "timestamps": [1573026867.42692, 1573026867.5389698, 1573026867.574132, 1573026867.5988467, 1573026867.6383512, 1573026867.9810839, 1573026868.0721023, 1573026868.3982985, 1573026868.989943, 1573026869.344394, 1573026869.9294624, 1573026871.0802395, 1573026872.4470706, 1573026873.3615727, 1573026874.2626405, 1573026875.4762094, 1573026876.7055776, 1573026877.5638485, 1573026878.820138, 1573026879.6964953, 1573026880.9784703, 1573026881.9691184, 1573026883.131281, 1573026884.2846465, 1573026885.124753, 1573026886.1869946, 1573026887.2060084, 1573026888.478005, 1573026889.6283314, 1573026890.4863586, 1573026891.76616, 1573026892.7072728, 1573026893.8650153, 1573026895.0603466, 1573026896.0067596, 1573026897.4630163, 1573026898.4572084, 1573026899.9216583, 1573026901.3181431, 1573026902.33461, 1573026903.7623475, 1573026904.7618093, 1573026906.1215072, 1573026907.2335992, 1573026907.983693, 1573026908.7259767, 1573026909.5271828, 1573026910.6738126, 1573026911.9875782, 1573026913.1567, 1573026914.2889884, 1573026915.1242046, 1573026916.2934563, 1573026916.3215845, 1573026916.505774, 1573026916.979349, 1573026917.009145, 1573026918.2771308, 1573026919.1193569, 1573026920.234759, 1573026921.1388779, 1573026922.4039018, 1573026923.5336375, 1573026924.5789938, 1573026925.9535024, 1573026926.8409202, 1573026928.0425568, 1573026929.3918347, 1573026930.4453528, 1573026931.7583864, 1573026932.684267, 1573026934.0056272, 1573026935.4581218, 1573026936.4440112], "episode_types": ["t", "t", "t", "t", "t", "t", "t", "t", "t", "t", "t", "t", "t", "t", "t", "t", "t", "t", "t", "t", "t", "t", "t", "t", "t", "t", "t", "t", "t", "t", "t", "t", "t", "t", "t", "t", "t", "t", "t", "t", "t", "t", "t", "t", "t", "t", "t", "t", "t", "t", "t", "t", "t", "t", "t", "t", "t", "t", "t", "t", "t", "t", "t", "t", "t", "t", "t", "t", "t", "t", "t", "t", "t", "t", "t"], "episode_rewards": [19.0, 46.0, 15.0, 12.0, 20.0, 48.0, 52.0, 44.0, 178.0, 94.0, 177.0, 141.0, 200.0, 131.0, 196.0, 200.0, 200.0, 159.0, 200.0, 200.0, 200.0, 200.0, 200.0, 200.0, 200.0, 200.0, 200.0, 200.0, 200.0, 200.0, 200.0, 200.0, 200.0, 200.0, 200.0, 200.0, 200.0, 200.0, 200.0, 200.0, 200.0, 200.0, 200.0, 200.0, 200.0, 200.0, 200.0, 200.0, 200.0, 200.0, 200.0, 200.0, 200.0, 10.0, 54.0, 62.0, 12.0, 200.0, 200.0, 200.0, 200.0, 200.0, 200.0, 200.0, 200.0, 200.0, 200.0, 200.0, 200.0, 200.0, 200.0, 200.0, 200.0, 200.0]}