{"episode_lengths": [15, 29, 15, 19, 15, 22, 25, 58, 44, 46, 200, 200, 81, 200, 160, 200, 200, 200, 200, 188, 200, 200, 200, 200, 200, 200, 200, 200, 200, 200, 200, 200, 200, 200, 200, 200, 200, 200, 200, 200, 200, 200, 200, 200, 200, 200, 200, 200, 200, 200, 200, 200, 200, 200, 9, 74, 200, 200, 200, 200, 200, 200, 200, 200, 200, 200, 200, 200, 200, 200, 200, 200, 200], "initial_reset_timestamp": 1573026867.3829165, "timestamps": [1573026867.4166873, 1573026867.4936879, 1573026867.5260952, 1573026867.5679376, 1573026867.6011703, 1573026867.6470199, 1573026867.9468868, 1573026868.049029, 1573026868.1259215, 1573026868.5058706, 1573026869.088186, 1573026869.8966703, 1573026870.512579, 1573026871.8758643, 1573026873.0523534, 1573026874.1522408, 1573026875.3231435, 1573026876.2444334, 1573026877.5501573, 1573026878.5294724, 1573026879.6539524, 1573026880.9341457, 1573026881.9176655, 1573026883.0852559, 1573026883.9728742, 1573026885.0915747, 1573026886.1530235, 1573026887.1256762, 1573026888.4411497, 1573026889.296677, 1573026890.4478953, 1573026891.7308943, 1573026892.6619654, 1573026893.8173234, 1573026894.7370086, 1573026895.9651806, 1573026897.3966882, 1573026898.411827, 1573026899.8675568, 1573026900.938254, 1573026902.2843256, 1573026903.7084527, 1573026904.7121387, 1573026906.0793319, 1573026906.9057312, 1573026907.9598136, 1573026908.7013085, 1573026909.4844637, 1573026910.6269622, 1573026911.5756133, 1573026913.120611, 1573026914.2542357, 1573026915.0827003, 1573026916.249617, 1573026916.2742386, 1573026916.5198226, 1573026917.7840853, 1573026918.9236946, 1573026919.7721386, 1573026920.9338496, 1573026921.8826396, 1573026923.045678, 1573026924.3391504, 1573026925.4324193, 1573026926.6246302, 1573026927.5173254, 1573026928.7825868, 1573026930.215299, 1573026931.2601604, 1573026932.4890635, 1573026933.4406552, 1573026934.8099434, 1573026936.1964486], "episode_types": ["t", "t", "t", "t", "t", "t", "t", "t", "t", "t", "t", "t", "t", "t", "t", "t", "t", "t", "t", "t", "t", "t", "t", "t", "t", "t", "t", "t", "t", "t", "t", "t", "t", "t", "t", "t", "t", "t", "t", "t", "t", "t", "t", "t", "t", "t", "t", "t", "t", "t", "t", "t", "t", "t", "t", "t", "t", "t", "t", "t", "t", "t", "t", "t", "t", "t", "t", "t", "t", "t", "t", "t", "t", "t"], "episode_rewards": [15.0, 29.0, 15.0, 19.0, 15.0, 22.0, 25.0, 58.0, 44.0, 46.0, 200.0, 200.0, 81.0, 200.0, 160.0, 200.0, 200.0, 200.0, 200.0, 188.0, 200.0, 200.0, 200.0, 200.0, 200.0, 200.0, 200.0, 200.0, 200.0, 200.0, 200.0, 200.0, 200.0, 200.0, 200.0, 200.0, 200.0, 200.0, 200.0, 200.0, 200.0, 200.0, 200.0, 200.0, 200.0, 200.0, 200.0, 200.0, 200.0, 200.0, 200.0, 200.0, 200.0, 200.0, 9.0, 74.0, 200.0, 200.0, 200.0, 200.0, 200.0, 200.0, 200.0, 200.0, 200.0, 200.0, 200.0, 200.0, 200.0, 200.0, 200.0, 200.0, 200.0]}