{"episode_lengths": [43, 16, 12, 9, 10, 15, 15, 63, 35, 47, 40, 42, 133, 147, 199, 160, 178, 200, 192, 171, 200, 172, 200, 200, 200, 200, 200, 200, 200, 200, 200, 200, 200, 200, 200, 200, 200, 200, 200, 200, 200, 200, 200, 200, 200, 200, 200, 200, 200, 200, 200, 200, 200, 200, 200, 200, 65, 36, 200, 200, 200, 200, 200, 200, 200, 200, 200, 200, 200, 200, 200, 200, 200, 200, 200], "initial_reset_timestamp": 1573026867.3827932, "timestamps": [1573026867.489035, 1573026867.5261304, 1573026867.5515206, 1573026867.573747, 1573026867.5929403, 1573026867.6261973, 1573026867.6569455, 1573026868.0187502, 1573026868.0834575, 1573026868.416316, 1573026868.5359979, 1573026868.6054604, 1573026869.0723386, 1573026869.7934709, 1573026870.9104753, 1573026871.9290218, 1573026873.2508948, 1573026874.2419486, 1573026875.4121315, 1573026876.232057, 1573026877.5410125, 1573026878.4720168, 1573026879.5903337, 1573026880.5103886, 1573026881.8438451, 1573026883.028091, 1573026883.9176273, 1573026885.0402014, 1573026885.8130827, 1573026887.0528316, 1573026888.3914058, 1573026889.2454617, 1573026890.3932538, 1573026891.368113, 1573026892.6026185, 1573026893.7654443, 1573026894.6713202, 1573026895.9076738, 1573026896.9537067, 1573026898.3570302, 1573026899.8024185, 1573026900.8701823, 1573026902.2041953, 1573026903.2927494, 1573026904.6362774, 1573026906.0266583, 1573026906.855929, 1573026907.9186463, 1573026908.4597828, 1573026909.4307191, 1573026910.5683928, 1573026911.5139673, 1573026913.0618496, 1573026913.870215, 1573026915.0309153, 1573026916.2039504, 1573026916.416368, 1573026916.5188627, 1573026917.7793162, 1573026918.9223354, 1573026919.7721875, 1573026920.9326508, 1573026921.881513, 1573026923.0451226, 1573026924.3375297, 1573026925.4307678, 1573026926.6230936, 1573026927.5157504, 1573026928.7813137, 1573026930.21415, 1573026931.2590582, 1573026932.4875228, 1573026933.4389079, 1573026934.8080597, 1573026936.1958752], "episode_types": ["t", "t", "t", "t", "t", "t", "t", "t", "t", "t", "t", "t", "t", "t", "t", "t", "t", "t", "t", "t", "t", "t", "t", "t", "t", "t", "t", "t", "t", "t", "t", "t", "t", "t", "t", "t", "t", "t", "t", "t", "t", "t", "t", "t", "t", "t", "t", "t", "t", "t", "t", "t", "t", "t", "t", "t", "t", "t", "t", "t", "t", "t", "t", "t", "t", "t", "t", "t", "t", "t", "t", "t", "t", "t", "t", "t"], "episode_rewards": [43.0, 16.0, 12.0, 9.0, 10.0, 15.0, 15.0, 63.0, 35.0, 47.0, 40.0, 42.0, 133.0, 147.0, 199.0, 160.0, 178.0, 200.0, 192.0, 171.0, 200.0, 172.0, 200.0, 200.0, 200.0, 200.0, 200.0, 200.0, 200.0, 200.0, 200.0, 200.0, 200.0, 200.0, 200.0, 200.0, 200.0, 200.0, 200.0, 200.0, 200.0, 200.0, 200.0, 200.0, 200.0, 200.0, 200.0, 200.0, 200.0, 200.0, 200.0, 200.0, 200.0, 200.0, 200.0, 200.0, 65.0, 36.0, 200.0, 200.0, 200.0, 200.0, 200.0, 200.0, 200.0, 200.0, 200.0, 200.0, 200.0, 200.0, 200.0, 200.0, 200.0, 200.0, 200.0]}