{"episode_lengths": [19, 14, 11, 18, 38, 19, 109, 67, 57, 87, 64, 99, 133, 200, 200, 200, 200, 200, 165, 200, 200, 200, 200, 200, 200, 200, 200, 200, 200, 200, 200, 200, 200, 200, 200, 200, 200, 200, 200, 200, 200, 200, 200, 200, 200, 200, 200, 200, 200, 200, 200, 200, 200, 101, 82, 40, 11, 200, 200, 200, 200, 200, 200, 200, 200, 200, 200, 200, 200, 200, 200, 200, 200, 200], "initial_reset_timestamp": 1573026867.3807921, "timestamps": [1573026867.426268, 1573026867.4630833, 1573026867.4936373, 1573026867.5327995, 1573026867.615914, 1573026867.6547728, 1573026868.100274, 1573026868.5202608, 1573026868.6162772, 1573026869.0011735, 1573026869.298616, 1573026869.473823, 1573026870.034181, 1573026871.7761717, 1573026873.0817401, 1573026874.1720529, 1573026875.3448339, 1573026876.2657666, 1573026877.4497411, 1573026878.479892, 1573026879.5941002, 1573026880.515581, 1573026881.850141, 1573026883.033423, 1573026883.920435, 1573026885.0440876, 1573026885.8160758, 1573026887.058646, 1573026888.3960958, 1573026889.2496557, 1573026890.3962946, 1573026891.37393, 1573026892.6083875, 1573026893.7682033, 1573026894.6752732, 1573026895.9109552, 1573026896.9598186, 1573026898.3597822, 1573026899.8082187, 1573026900.8785849, 1573026902.208704, 1573026903.3037562, 1573026904.6413403, 1573026906.031212, 1573026906.861115, 1573026907.9221807, 1573026908.4624956, 1573026909.4345844, 1573026910.5723867, 1573026911.5196514, 1573026913.0692816, 1573026913.8740966, 1573026915.0346546, 1573026915.6032293, 1573026916.1568122, 1573026916.2647686, 1573026916.2991073, 1573026917.52384, 1573026918.4360898, 1573026919.5805998, 1573026920.4122386, 1573026921.653705, 1573026922.873209, 1573026923.7197948, 1573026925.2016375, 1573026926.1266832, 1573026927.3028622, 1573026928.5580754, 1573026929.619426, 1573026931.045886, 1573026931.9807072, 1573026933.2337449, 1573026934.5874455, 1573026935.6814516], "episode_types": ["t", "t", "t", "t", "t", "t", "t", "t", "t", "t", "t", "t", "t", "t", "t", "t", "t", "t", "t", "t", "t", "t", "t", "t", "t", "t", "t", "t", "t", "t", "t", "t", "t", "t", "t", "t", "t", "t", "t", "t", "t", "t", "t", "t", "t", "t", "t", "t", "t", "t", "t", "t", "t", "t", "t", "t", "t", "t", "t", "t", "t", "t", "t", "t", "t", "t", "t", "t", "t", "t", "t", "t", "t", "t", "t"], "episode_rewards": [19.0, 14.0, 11.0, 18.0, 38.0, 19.0, 109.0, 67.0, 57.0, 87.0, 64.0, 99.0, 133.0, 200.0, 200.0, 200.0, 200.0, 200.0, 165.0, 200.0, 200.0, 200.0, 200.0, 200.0, 200.0, 200.0, 200.0, 200.0, 200.0, 200.0, 200.0, 200.0, 200.0, 200.0, 200.0, 200.0, 200.0, 200.0, 200.0, 200.0, 200.0, 200.0, 200.0, 200.0, 200.0, 200.0, 200.0, 200.0, 200.0, 200.0, 200.0, 200.0, 200.0, 101.0, 82.0, 40.0, 11.0, 200.0, 200.0, 200.0, 200.0, 200.0, 200.0, 200.0, 200.0, 200.0, 200.0, 200.0, 200.0, 200.0, 200.0, 200.0, 200.0, 200.0]}