{"episode_lengths": [18, 25, 13, 21, 20, 15, 41, 89, 48, 40, 47, 200, 200, 170, 187, 200, 185, 167, 200, 153, 200, 200, 200, 200, 200, 200, 200, 200, 200, 200, 200, 200, 200, 200, 200, 200, 200, 200, 200, 200, 200, 200, 200, 200, 200, 200, 200, 200, 200, 200, 200, 200, 200, 166, 101, 10, 200, 200, 200, 200, 200, 200, 200, 200, 200, 200, 200, 200, 200, 200, 200, 200, 200], "initial_reset_timestamp": 1573026867.3823135, "timestamps": [1573026867.424044, 1573026867.4910717, 1573026867.5197744, 1573026867.5645914, 1573026867.6104012, 1573026867.6391044, 1573026867.968275, 1573026868.1260169, 1573026868.5105085, 1573026868.5745955, 1573026868.8959785, 1573026869.4328334, 1573026870.5640962, 1573026871.80935, 1573026873.078105, 1573026874.16654, 1573026875.289789, 1573026876.0877244, 1573026877.4020877, 1573026878.2588391, 1573026879.1181068, 1573026880.3253818, 1573026881.6618814, 1573026882.5795102, 1573026883.7149136, 1573026884.575265, 1573026885.6680183, 1573026886.8537874, 1573026887.9581847, 1573026889.085227, 1573026889.913751, 1573026891.177015, 1573026892.335191, 1573026893.300696, 1573026894.4666848, 1573026895.4201279, 1573026896.6993833, 1573026898.178033, 1573026899.1789894, 1573026900.657689, 1573026901.6214888, 1573026903.055589, 1573026904.4080024, 1573026905.4781024, 1573026906.680846, 1573026907.489109, 1573026908.3369083, 1573026909.235717, 1573026910.0886307, 1573026911.332975, 1573026912.595113, 1573026913.7168915, 1573026914.8510675, 1573026915.6156237, 1573026916.2225726, 1573026916.2463632, 1573026917.1194782, 1573026918.39505, 1573026919.5350554, 1573026920.3661332, 1573026921.604663, 1573026922.5147958, 1573026923.6542714, 1573026925.1391206, 1573026926.06777, 1573026927.2510767, 1573026928.181103, 1573026929.5563753, 1573026930.982049, 1573026931.9289908, 1573026933.1796453, 1573026934.1892712, 1573026935.612354], "episode_types": ["t", "t", "t", "t", "t", "t", "t", "t", "t", "t", "t", "t", "t", "t", "t", "t", "t", "t", "t", "t", "t", "t", "t", "t", "t", "t", "t", "t", "t", "t", "t", "t", "t", "t", "t", "t", "t", "t", "t", "t", "t", "t", "t", "t", "t", "t", "t", "t", "t", "t", "t", "t", "t", "t", "t", "t", "t", "t", "t", "t", "t", "t", "t", "t", "t", "t", "t", "t", "t", "t", "t", "t", "t", "t"], "episode_rewards": [18.0, 25.0, 13.0, 21.0, 20.0, 15.0, 41.0, 89.0, 48.0, 40.0, 47.0, 200.0, 200.0, 170.0, 187.0, 200.0, 185.0, 167.0, 200.0, 153.0, 200.0, 200.0, 200.0, 200.0, 200.0, 200.0, 200.0, 200.0, 200.0, 200.0, 200.0, 200.0, 200.0, 200.0, 200.0, 200.0, 200.0, 200.0, 200.0, 200.0, 200.0, 200.0, 200.0, 200.0, 200.0, 200.0, 200.0, 200.0, 200.0, 200.0, 200.0, 200.0, 200.0, 166.0, 101.0, 10.0, 200.0, 200.0, 200.0, 200.0, 200.0, 200.0, 200.0, 200.0, 200.0, 200.0, 200.0, 200.0, 200.0, 200.0, 200.0, 200.0, 200.0]}