{"episode_lengths": [35, 9, 25, 20, 26, 19, 40, 44, 112, 156, 200, 95, 200, 159, 200, 200, 150, 159, 144, 200, 200, 200, 200, 200, 200, 200, 200, 200, 200, 200, 200, 200, 200, 200, 200, 200, 200, 200, 200, 200, 200, 200, 200, 200, 200, 200, 200, 200, 200, 200, 200, 200, 200, 111, 53, 200, 200, 200, 200, 200, 200, 200, 200, 200, 200, 200, 200, 200, 200, 200, 200, 200], "initial_reset_timestamp": 1573026867.3823135, "timestamps": [1573026867.470025, 1573026867.4935908, 1573026867.5470138, 1573026867.5908036, 1573026867.6475296, 1573026867.936116, 1573026868.0040176, 1573026868.0826356, 1573026868.5744426, 1573026869.0842636, 1573026869.8924966, 1573026870.5736377, 1573026871.9136863, 1573026873.1098263, 1573026874.1844819, 1573026875.3633976, 1573026876.1033285, 1573026876.9352808, 1573026877.7721074, 1573026878.9705045, 1573026880.1630564, 1573026881.160764, 1573026882.463674, 1573026883.3018713, 1573026884.4527779, 1573026885.5641406, 1573026886.383698, 1573026887.7994685, 1573026888.6375198, 1573026889.7882316, 1573026891.0198796, 1573026891.9199398, 1573026893.1916597, 1573026894.0416486, 1573026895.279178, 1573026896.5119023, 1573026897.7321436, 1573026899.0206075, 1573026900.1257484, 1573026901.4890127, 1573026902.8918028, 1573026903.9801767, 1573026905.2818732, 1573026906.282293, 1573026907.3831, 1573026908.2624018, 1573026908.8449113, 1573026909.9803262, 1573026910.887881, 1573026912.3700645, 1573026913.6041145, 1573026914.4430666, 1573026915.58283, 1573026916.2162287, 1573026916.3874326, 1573026917.6076467, 1573026918.491086, 1573026919.6414163, 1573026920.7890432, 1573026921.7354732, 1573026922.9316704, 1573026923.8119247, 1573026925.2779994, 1573026926.4808943, 1573026927.3640609, 1573026928.6096263, 1573026929.6958337, 1573026931.1350641, 1573026932.3549488, 1573026933.307124, 1573026934.6673734, 1573026935.7413511], "episode_types": ["t", "t", "t", "t", "t", "t", "t", "t", "t", "t", "t", "t", "t", "t", "t", "t", "t", "t", "t", "t", "t", "t", "t", "t", "t", "t", "t", "t", "t", "t", "t", "t", "t", "t", "t", "t", "t", "t", "t", "t", "t", "t", "t", "t", "t", "t", "t", "t", "t", "t", "t", "t", "t", "t", "t", "t", "t", "t", "t", "t", "t", "t", "t", "t", "t", "t", "t", "t", "t", "t", "t", "t", "t"], "episode_rewards": [35.0, 9.0, 25.0, 20.0, 26.0, 19.0, 40.0, 44.0, 112.0, 156.0, 200.0, 95.0, 200.0, 159.0, 200.0, 200.0, 150.0, 159.0, 144.0, 200.0, 200.0, 200.0, 200.0, 200.0, 200.0, 200.0, 200.0, 200.0, 200.0, 200.0, 200.0, 200.0, 200.0, 200.0, 200.0, 200.0, 200.0, 200.0, 200.0, 200.0, 200.0, 200.0, 200.0, 200.0, 200.0, 200.0, 200.0, 200.0, 200.0, 200.0, 200.0, 200.0, 200.0, 111.0, 53.0, 200.0, 200.0, 200.0, 200.0, 200.0, 200.0, 200.0, 200.0, 200.0, 200.0, 200.0, 200.0, 200.0, 200.0, 200.0, 200.0, 200.0]}