{"episode_lengths": [26, 47, 19, 23, 22, 59, 53, 85, 200, 194, 80, 160, 106, 200, 200, 200, 200, 200, 200, 200, 200, 200, 200, 200, 200, 200, 200, 200, 200, 200, 200, 200, 200, 200, 200, 200, 200, 200, 200, 200, 200, 200, 200, 200, 200, 200, 200, 200, 200, 200, 200, 200, 129, 200, 200, 200, 200, 200, 200, 200, 200, 200, 200, 200, 200, 200, 200, 200, 200, 200], "initial_reset_timestamp": 1573026867.3808172, "timestamps": [1573026867.4398074, 1573026867.5555336, 1573026867.5983484, 1573026867.6461315, 1573026867.9413497, 1573026868.0410867, 1573026868.1398118, 1573026868.582185, 1573026869.355385, 1573026869.973152, 1573026870.7705777, 1573026871.8718386, 1573026872.5321016, 1573026874.002936, 1573026874.8596525, 1573026876.0433435, 1573026877.0261261, 1573026878.3817074, 1573026879.5161002, 1573026880.4309425, 1573026881.769843, 1573026882.670804, 1573026883.8400044, 1573026884.9756308, 1573026885.7548392, 1573026886.9580612, 1573026888.0627148, 1573026889.1737592, 1573026890.325209, 1573026891.2872958, 1573026892.526602, 1573026893.3858757, 1573026894.575154, 1573026895.8262284, 1573026896.8595412, 1573026898.2827747, 1573026899.3251014, 1573026900.7873445, 1573026902.109232, 1573026903.1897266, 1573026904.546726, 1573026905.6133323, 1573026906.7866938, 1573026907.874992, 1573026908.4164262, 1573026909.3527777, 1573026910.1775203, 1573026911.4380283, 1573026913.0049794, 1573026913.8068368, 1573026914.961314, 1573026915.7961378, 1573026916.829804, 1573026917.7937517, 1573026918.933669, 1573026919.7817156, 1573026920.9432464, 1573026922.2076283, 1573026923.0527048, 1573026924.349971, 1573026925.442466, 1573026926.632341, 1573026927.8475087, 1573026928.7948425, 1573026930.223398, 1573026931.2715518, 1573026932.5003457, 1573026933.7450938, 1573026934.8206367, 1573026936.2068095], "episode_types": ["t", "t", "t", "t", "t", "t", "t", "t", "t", "t", "t", "t", "t", "t", "t", "t", "t", "t", "t", "t", "t", "t", "t", "t", "t", "t", "t", "t", "t", "t", "t", "t", "t", "t", "t", "t", "t", "t", "t", "t", "t", "t", "t", "t", "t", "t", "t", "t", "t", "t", "t", "t", "t", "t", "t", "t", "t", "t", "t", "t", "t", "t", "t", "t", "t", "t", "t", "t", "t", "t", "t"], "episode_rewards": [26.0, 47.0, 19.0, 23.0, 22.0, 59.0, 53.0, 85.0, 200.0, 194.0, 80.0, 160.0, 106.0, 200.0, 200.0, 200.0, 200.0, 200.0, 200.0, 200.0, 200.0, 200.0, 200.0, 200.0, 200.0, 200.0, 200.0, 200.0, 200.0, 200.0, 200.0, 200.0, 200.0, 200.0, 200.0, 200.0, 200.0, 200.0, 200.0, 200.0, 200.0, 200.0, 200.0, 200.0, 200.0, 200.0, 200.0, 200.0, 200.0, 200.0, 200.0, 200.0, 129.0, 200.0, 200.0, 200.0, 200.0, 200.0, 200.0, 200.0, 200.0, 200.0, 200.0, 200.0, 200.0, 200.0, 200.0, 200.0, 200.0, 200.0]}