{"episode_lengths": [81, 42, 19, 18, 28, 63, 34, 140, 198, 192, 137, 84, 195, 200, 200, 156, 189, 200, 200, 200, 200, 200, 200, 200, 200, 200, 200, 200, 200, 200, 200, 200, 200, 200, 200, 200, 200, 200, 200, 200, 200, 200, 200, 200, 200, 200, 200, 200, 200, 200, 200, 200, 200, 200, 200, 200, 200, 200, 200, 200, 200, 200, 200, 200, 200, 200, 200, 200, 200], "initial_reset_timestamp": 1573026867.3818235, "timestamps": [1573026867.5766342, 1573026867.6633663, 1573026867.9510264, 1573026867.9811485, 1573026868.0275877, 1573026868.388216, 1573026868.500721, 1573026868.973515, 1573026869.5075781, 1573026870.8362713, 1573026871.8233166, 1573026872.4151282, 1573026873.565222, 1573026874.734596, 1573026875.912847, 1573026876.7546842, 1573026877.7094057, 1573026878.931527, 1573026880.111467, 1573026881.1078312, 1573026882.4113958, 1573026883.2517905, 1573026884.4039268, 1573026885.51851, 1573026886.3299363, 1573026887.7350893, 1573026888.5924017, 1573026889.7459571, 1573026890.951201, 1573026891.8712547, 1573026893.1476612, 1573026893.9853354, 1573026895.2203104, 1573026896.4617715, 1573026897.6558616, 1573026898.961897, 1573026900.0659478, 1573026901.4392338, 1573026902.829514, 1573026903.9172165, 1573026905.2212093, 1573026906.238371, 1573026907.3423069, 1573026908.2298143, 1573026908.7997766, 1573026909.9340885, 1573026910.835095, 1573026912.2322607, 1573026913.5594385, 1573026914.396374, 1573026915.5396025, 1573026916.4527202, 1573026917.671462, 1573026918.8445017, 1573026919.7039387, 1573026920.8480515, 1573026921.7992458, 1573026922.9818864, 1573026924.2618918, 1573026925.3457778, 1573026926.5465326, 1573026927.428657, 1573026928.6728508, 1573026930.1233227, 1573026931.2025013, 1573026932.4151404, 1573026933.3643441, 1573026934.7357814, 1573026936.124343], "episode_types": ["t", "t", "t", "t", "t", "t", "t", "t", "t", "t", "t", "t", "t", "t", "t", "t", "t", "t", "t", "t", "t", "t", "t", "t", "t", "t", "t", "t", "t", "t", "t", "t", "t", "t", "t", "t", "t", "t", "t", "t", "t", "t", "t", "t", "t", "t", "t", "t", "t", "t", "t", "t", "t", "t", "t", "t", "t", "t", "t", "t", "t", "t", "t", "t", "t", "t", "t", "t", "t", "t"], "episode_rewards": [81.0, 42.0, 19.0, 18.0, 28.0, 63.0, 34.0, 140.0, 198.0, 192.0, 137.0, 84.0, 195.0, 200.0, 200.0, 156.0, 189.0, 200.0, 200.0, 200.0, 200.0, 200.0, 200.0, 200.0, 200.0, 200.0, 200.0, 200.0, 200.0, 200.0, 200.0, 200.0, 200.0, 200.0, 200.0, 200.0, 200.0, 200.0, 200.0, 200.0, 200.0, 200.0, 200.0, 200.0, 200.0, 200.0, 200.0, 200.0, 200.0, 200.0, 200.0, 200.0, 200.0, 200.0, 200.0, 200.0, 200.0, 200.0, 200.0, 200.0, 200.0, 200.0, 200.0, 200.0, 200.0, 200.0, 200.0, 200.0, 200.0]}