{"episode_lengths": [31, 16, 29, 14, 31, 16, 39, 74, 75, 33, 175, 170, 200, 200, 171, 200, 200, 200, 179, 200, 200, 200, 200, 200, 200, 200, 200, 200, 200, 200, 200, 200, 200, 200, 200, 200, 200, 200, 200, 200, 200, 200, 200, 200, 200, 200, 200, 200, 200, 200, 200, 200, 200, 101, 9, 200, 200, 200, 200, 200, 200, 200, 200, 200, 200, 200, 200, 200, 200, 200, 200, 200], "initial_reset_timestamp": 1573026867.3827934, "timestamps": [1573026867.454588, 1573026867.5017629, 1573026867.5619097, 1573026867.5943284, 1573026867.6592228, 1573026867.9418478, 1573026868.0077832, 1573026868.1423078, 1573026868.565828, 1573026868.6303458, 1573026869.3532252, 1573026869.924812, 1573026871.6691341, 1573026872.6134224, 1573026874.002417, 1573026874.861585, 1573026876.0410557, 1573026877.0303967, 1573026878.3076575, 1573026879.466753, 1573026880.3658059, 1573026881.7026265, 1573026882.6194518, 1573026883.7685966, 1573026884.9227269, 1573026885.7071002, 1573026886.8913028, 1573026888.003622, 1573026889.123492, 1573026890.2672713, 1573026891.219137, 1573026892.4430776, 1573026893.3366687, 1573026894.5126722, 1573026895.7496765, 1573026896.7629552, 1573026898.22153, 1573026899.2370222, 1573026900.7163246, 1573026902.0232813, 1573026903.1063182, 1573026904.4628432, 1573026905.5327313, 1573026906.7271166, 1573026907.8322895, 1573026908.3642786, 1573026909.281871, 1573026910.1269855, 1573026911.372338, 1573026912.9512587, 1573026913.7540658, 1573026914.885269, 1573026915.7428927, 1573026916.3748572, 1573026916.4088733, 1573026917.6268778, 1573026918.51607, 1573026919.662764, 1573026920.8073688, 1573026921.7541406, 1573026922.9477959, 1573026923.827633, 1573026925.3012338, 1573026926.507286, 1573026927.3836868, 1573026928.6262498, 1573026929.7209625, 1573026931.1570575, 1573026932.3738256, 1573026933.323688, 1573026934.6905544, 1573026935.7565703], "episode_types": ["t", "t", "t", "t", "t", "t", "t", "t", "t", "t", "t", "t", "t", "t", "t", "t", "t", "t", "t", "t", "t", "t", "t", "t", "t", "t", "t", "t", "t", "t", "t", "t", "t", "t", "t", "t", "t", "t", "t", "t", "t", "t", "t", "t", "t", "t", "t", "t", "t", "t", "t", "t", "t", "t", "t", "t", "t", "t", "t", "t", "t", "t", "t", "t", "t", "t", "t", "t", "t", "t", "t", "t", "t"], "episode_rewards": [31.0, 16.0, 29.0, 14.0, 31.0, 16.0, 39.0, 74.0, 75.0, 33.0, 175.0, 170.0, 200.0, 200.0, 171.0, 200.0, 200.0, 200.0, 179.0, 200.0, 200.0, 200.0, 200.0, 200.0, 200.0, 200.0, 200.0, 200.0, 200.0, 200.0, 200.0, 200.0, 200.0, 200.0, 200.0, 200.0, 200.0, 200.0, 200.0, 200.0, 200.0, 200.0, 200.0, 200.0, 200.0, 200.0, 200.0, 200.0, 200.0, 200.0, 200.0, 200.0, 200.0, 101.0, 9.0, 200.0, 200.0, 200.0, 200.0, 200.0, 200.0, 200.0, 200.0, 200.0, 200.0, 200.0, 200.0, 200.0, 200.0, 200.0, 200.0, 200.0]}