{"Iteration": 0, "ExpectedImprovement": 0.0060282060876488686, "ActualImprovement": 0.004742682614176985, "ImprovementRatio": 0.7867485857681973, "MeanKL": 0.008373638615012169, "Entropy": 1.4189382791519165, "Perplexity": 4.132730484008789, "AveragePolicyStd": 1.0, "AveragePolicyStd[0]": 1.0, "AverageReturn": -1125.3833672603125, "MinReturn": -1816.024281347436, "MaxReturn": -843.094290960602, "StdReturn": 189.12951478507614, "AverageEpisodeLength": 200.0, "MinEpisodeLength": 200.0, "MaxEpisodeLength": 200.0, "StdEpisodeLength": 0.0, "TotalNEpisodes": 48, "TotalNSamples": 9600.0, "ExplainedVariance": -0.0010831812997975643}
{"Iteration": 1, "ExpectedImprovement": 0.005247842986136675, "ActualImprovement": 0.007135351151230651, "ImprovementRatio": 1.359673140008236, "MeanKL": 0.009497133083641529, "Entropy": 1.4202181100845337, "Perplexity": 4.1380228996276855, "AveragePolicyStd": 1.0012805461883545, "AveragePolicyStd[0]": 1.0012805461883545, "AverageReturn": -1157.1905918502496, "MinReturn": -1816.024281347436, "MaxReturn": -843.094290960602, "StdReturn": 187.68794078417, "AverageEpisodeLength": 200.0, "MinEpisodeLength": 200.0, "MaxEpisodeLength": 200.0, "StdEpisodeLength": 0.0, "TotalNEpisodes": 96, "TotalNSamples": 19200.0, "ExplainedVariance": 0.09769335459861572}
{"Iteration": 2, "ExpectedImprovement": 0.005288609769195318, "ActualImprovement": 0.004921426796911987, "ImprovementRatio": 0.9305709839999786, "MeanKL": 0.0097959591075778, "Entropy": 1.4727016687393188, "Perplexity": 4.361001014709473, "AveragePolicyStd": 1.055234670639038, "AveragePolicyStd[0]": 1.055234670639038, "AverageReturn": -1151.2401712168642, "MinReturn": -1618.982015472563, "MaxReturn": -845.1114756249343, "StdReturn": 172.37354772545302, "AverageEpisodeLength": 200.0, "MinEpisodeLength": 200.0, "MaxEpisodeLength": 200.0, "StdEpisodeLength": 0.0, "TotalNEpisodes": 144, "TotalNSamples": 28800.0, "ExplainedVariance": 0.19584544933788406}
{"Iteration": 3, "ExpectedImprovement": 0.0036887925118207934, "ActualImprovement": 0.0036961463540734485, "ImprovementRatio": 1.0019935635384993, "MeanKL": 0.008474007248878479, "Entropy": 1.5496132373809814, "Perplexity": 4.709648132324219, "AveragePolicyStd": 1.1395968198776245, "AveragePolicyStd[0]": 1.1395968198776245, "AverageReturn": -1121.8071386138604, "MinReturn": -1618.982015472563, "MaxReturn": -845.1114756249343, "StdReturn": 164.14681225810295, "AverageEpisodeLength": 200.0, "MinEpisodeLength": 200.0, "MaxEpisodeLength": 200.0, "StdEpisodeLength": 0.0, "TotalNEpisodes": 192, "TotalNSamples": 38400.0, "ExplainedVariance": 0.2728025567784579}
{"Iteration": 4, "ExpectedImprovement": 0.004479565471410751, "ActualImprovement": 0.0037350304819625535, "ImprovementRatio": 0.8337930332305823, "MeanKL": 0.006570493336766958, "Entropy": 1.495330572128296, "Perplexity": 4.460811138153076, "AveragePolicyStd": 1.0793856382369995, "AveragePolicyStd[0]": 1.0793856382369995, "AverageReturn": -1083.196147974727, "MinReturn": -1580.0268723257816, "MaxReturn": -747.166800559425, "StdReturn": 150.10610883087733, "AverageEpisodeLength": 200.0, "MinEpisodeLength": 200.0, "MaxEpisodeLength": 200.0, "StdEpisodeLength": 0.0, "TotalNEpisodes": 240, "TotalNSamples": 48000.0, "ExplainedVariance": 0.26663594142658054}
{"Iteration": 5, "ExpectedImprovement": 0.00566837638616562, "ActualImprovement": 0.005160516426713002, "ImprovementRatio": 0.9104046864826913, "MeanKL": 0.007115751504898071, "Entropy": 1.4916956424713135, "Perplexity": 4.4446258544921875, "AveragePolicyStd": 1.075469732284546, "AveragePolicyStd[0]": 1.075469732284546, "AverageReturn": -1049.4751930494497, "MinReturn": -1473.3992386192567, "MaxReturn": -747.166800559425, "StdReturn": 134.0245001913229, "AverageEpisodeLength": 200.0, "MinEpisodeLength": 200.0, "MaxEpisodeLength": 200.0, "StdEpisodeLength": 0.0, "TotalNEpisodes": 288, "TotalNSamples": 57600.0, "ExplainedVariance": 0.4113879898348779}
{"Iteration": 6, "ExpectedImprovement": 0.008041555993258953, "ActualImprovement": 0.006286735202372995, "ImprovementRatio": 0.7817809398632575, "MeanKL": 0.008567054755985737, "Entropy": 1.4796770811080933, "Perplexity": 4.39152717590332, "AveragePolicyStd": 1.062620997428894, "AveragePolicyStd[0]": 1.062620997428894, "AverageReturn": -1056.5810968653327, "MinReturn": -1473.3992386192567, "MaxReturn": -872.3640294782558, "StdReturn": 129.60122772835405, "AverageEpisodeLength": 200.0, "MinEpisodeLength": 200.0, "MaxEpisodeLength": 200.0, "StdEpisodeLength": 0.0, "TotalNEpisodes": 336, "TotalNSamples": 67200.0, "ExplainedVariance": 0.496688582476676}
