{"Iteration": 0, "ExpectedImprovement": 0.03544521927833557, "ActualImprovement": 0.033799378302532546, "ImprovementRatio": 0.9535666301602209, "MeanKL": 0.006489248480647802, "Entropy": 8.513630867004395, "Perplexity": 4982.22021484375, "AveragePolicyStd": 1.0, "AveragePolicyStd[0]": 1.0, "AveragePolicyStd[1]": 1.0, "AveragePolicyStd[2]": 1.0, "AveragePolicyStd[3]": 1.0, "AveragePolicyStd[4]": 1.0, "AveragePolicyStd[5]": 1.0, "AverageReturn": -11.772045492983702, "MinReturn": -56.59317501186015, "MaxReturn": -0.38712640089361483, "StdReturn": 6.78943756246075, "AverageEpisodeLength": 18.28, "MinEpisodeLength": 12.0, "MaxEpisodeLength": 44.0, "StdEpisodeLength": 5.706277245279973, "TotalNEpisodes": 267, "TotalNSamples": 4855.0, "ExplainedVariance": -0.010202882822343051}
{"Iteration": 1, "ExpectedImprovement": 0.037064021825790404, "ActualImprovement": 0.035771836523716516, "ImprovementRatio": 0.9651363980911877, "MeanKL": 0.006520633120089769, "Entropy": 8.475394248962402, "Perplexity": 4795.31298828125, "AveragePolicyStd": 0.9936542510986328, "AveragePolicyStd[0]": 1.0006855726242065, "AveragePolicyStd[1]": 0.9933284521102905, "AveragePolicyStd[2]": 0.9919538497924805, "AveragePolicyStd[3]": 0.9924525022506714, "AveragePolicyStd[4]": 0.9951504468917847, "AveragePolicyStd[5]": 0.9883549213409424, "AverageReturn": -10.714592703258836, "MinReturn": -27.05291657901398, "MaxReturn": 1.7114246107244995, "StdReturn": 5.4327378427214414, "AverageEpisodeLength": 17.49, "MinEpisodeLength": 12.0, "MaxEpisodeLength": 28.0, "StdEpisodeLength": 2.854802970434212, "TotalNEpisodes": 558, "TotalNSamples": 9883.0, "ExplainedVariance": 0.2829262706907324}
{"Iteration": 2, "ExpectedImprovement": 0.03732015490531922, "ActualImprovement": 0.03650776144510104, "ImprovementRatio": 0.9782317768433917, "MeanKL": 0.006564808078110218, "Entropy": 8.396227836608887, "Perplexity": 4430.3232421875, "AveragePolicyStd": 0.9806636571884155, "AveragePolicyStd[0]": 0.9931812286376953, "AveragePolicyStd[1]": 0.9887484312057495, "AveragePolicyStd[2]": 0.9827565550804138, "AveragePolicyStd[3]": 0.9782790541648865, "AveragePolicyStd[4]": 0.9748266935348511, "AveragePolicyStd[5]": 0.9661902189254761, "AverageReturn": -10.10889465556445, "MinReturn": -30.148955458407006, "MaxReturn": 1.278784991655264, "StdReturn": 5.027260102033663, "AverageEpisodeLength": 17.05, "MinEpisodeLength": 13.0, "MaxEpisodeLength": 30.0, "StdEpisodeLength": 2.5114736709748717, "TotalNEpisodes": 851, "TotalNSamples": 14880.0, "ExplainedVariance": 0.3028907893724587}
{"Iteration": 3, "ExpectedImprovement": 0.037982025742530824, "ActualImprovement": 0.036696770439704096, "ImprovementRatio": 0.9661614861845679, "MeanKL": 0.006551066879183054, "Entropy": 8.318171501159668, "Perplexity": 4097.66064453125, "AveragePolicyStd": 0.968000054359436, "AveragePolicyStd[0]": 0.984228253364563, "AveragePolicyStd[1]": 0.9737653732299805, "AveragePolicyStd[2]": 0.9699810147285461, "AveragePolicyStd[3]": 0.9642212986946106, "AveragePolicyStd[4]": 0.9643616676330566, "AveragePolicyStd[5]": 0.9514427185058594, "AverageReturn": -8.261104698261072, "MinReturn": -20.894831213945874, "MaxReturn": 5.445205532832187, "StdReturn": 4.4536625445723, "AverageEpisodeLength": 17.59, "MinEpisodeLength": 13.0, "MaxEpisodeLength": 38.0, "StdEpisodeLength": 3.2158824605386314, "TotalNEpisodes": 1133, "TotalNSamples": 19907.0, "ExplainedVariance": 0.32545314291706307}
{"Iteration": 4, "ExpectedImprovement": 0.03636724948883057, "ActualImprovement": 0.035790066271960796, "ImprovementRatio": 0.9841290384897806, "MeanKL": 0.006631261669099331, "Entropy": 8.237564086914062, "Perplexity": 3780.320556640625, "AveragePolicyStd": 0.9551323652267456, "AveragePolicyStd[0]": 0.9776453375816345, "AveragePolicyStd[1]": 0.962605893611908, "AveragePolicyStd[2]": 0.9588638544082642, "AveragePolicyStd[3]": 0.9486457109451294, "AveragePolicyStd[4]": 0.9506397247314453, "AveragePolicyStd[5]": 0.9323940873146057, "AverageReturn": -8.476712080000432, "MinReturn": -22.531149556889428, "MaxReturn": -1.1177678397230921, "StdReturn": 4.084234453750278, "AverageEpisodeLength": 18.04, "MinEpisodeLength": 13.0, "MaxEpisodeLength": 34.0, "StdEpisodeLength": 3.566286584109583, "TotalNEpisodes": 1414, "TotalNSamples": 24890.0, "ExplainedVariance": 0.2620969761429538}
{"Iteration": 5, "ExpectedImprovement": 0.03377859890460968, "ActualImprovement": 0.033044726084973775, "ImprovementRatio": 0.9782740302015382, "MeanKL": 0.006640238221734762, "Entropy": 8.145424842834473, "Perplexity": 3447.56982421875, "AveragePolicyStd": 0.9406095743179321, "AveragePolicyStd[0]": 0.9683517217636108, "AveragePolicyStd[1]": 0.952966570854187, "AveragePolicyStd[2]": 0.9392459392547607, "AveragePolicyStd[3]": 0.9333468675613403, "AveragePolicyStd[4]": 0.928464412689209, "AveragePolicyStd[5]": 0.9212813973426819, "AverageReturn": -6.859100417686147, "MinReturn": -21.416961580608042, "MaxReturn": 0.6948056019638904, "StdReturn": 3.4531179307609916, "AverageEpisodeLength": 17.66, "MinEpisodeLength": 13.0, "MaxEpisodeLength": 44.0, "StdEpisodeLength": 3.736897108564805, "TotalNEpisodes": 1697, "TotalNSamples": 29928.0, "ExplainedVariance": 0.2784743807711292}
{"Iteration": 6, "ExpectedImprovement": 0.03590521812438965, "ActualImprovement": 0.03506861041380205, "ImprovementRatio": 0.9766995508093207, "MeanKL": 0.006646838504821062, "Entropy": 8.03457260131836, "Perplexity": 3085.819580078125, "AveragePolicyStd": 0.9234204292297363, "AveragePolicyStd[0]": 0.9498682618141174, "AveragePolicyStd[1]": 0.940801739692688, "AveragePolicyStd[2]": 0.923520028591156, "AveragePolicyStd[3]": 0.9148903489112854, "AveragePolicyStd[4]": 0.9115971922874451, "AveragePolicyStd[5]": 0.8998448252677917, "AverageReturn": -6.141115337384354, "MinReturn": -17.564548129767353, "MaxReturn": 3.653013730145176, "StdReturn": 3.772116661817157, "AverageEpisodeLength": 17.79, "MinEpisodeLength": 13.0, "MaxEpisodeLength": 29.0, "StdEpisodeLength": 2.8046211865419544, "TotalNEpisodes": 1977, "TotalNSamples": 34893.0, "ExplainedVariance": 0.25546233370677685}
{"Iteration": 7, "ExpectedImprovement": 0.03380753695964813, "ActualImprovement": 0.03335331085200499, "ImprovementRatio": 0.9865643537361124, "MeanKL": 0.006591005250811577, "Entropy": 7.926756858825684, "Perplexity": 2770.42724609375, "AveragePolicyStd": 0.9070291519165039, "AveragePolicyStd[0]": 0.9371803998947144, "AveragePolicyStd[1]": 0.9288261532783508, "AveragePolicyStd[2]": 0.9014724493026733, "AveragePolicyStd[3]": 0.8973345756530762, "AveragePolicyStd[4]": 0.8962738513946533, "AveragePolicyStd[5]": 0.8810873031616211, "AverageReturn": -5.116517951683767, "MinReturn": -18.749513733468486, "MaxReturn": 2.8588414489655403, "StdReturn": 3.8818400004377405, "AverageEpisodeLength": 18.01, "MinEpisodeLength": 13.0, "MaxEpisodeLength": 33.0, "StdEpisodeLength": 2.7910392329739833, "TotalNEpisodes": 2254, "TotalNSamples": 39902.0, "ExplainedVariance": 0.21774678567604555}
{"Iteration": 8, "ExpectedImprovement": 0.032755237817764286, "ActualImprovement": 0.03203749720947435, "ImprovementRatio": 0.9780877607336229, "MeanKL": 0.006503383629024029, "Entropy": 7.824287414550781, "Perplexity": 2500.603515625, "AveragePolicyStd": 0.8916769027709961, "AveragePolicyStd[0]": 0.9179207682609558, "AveragePolicyStd[1]": 0.9143631458282471, "AveragePolicyStd[2]": 0.8832675218582153, "AveragePolicyStd[3]": 0.883708119392395, "AveragePolicyStd[4]": 0.8897724151611328, "AveragePolicyStd[5]": 0.8610295653343201, "AverageReturn": -4.224951887870949, "MinReturn": -14.02785248880973, "MaxReturn": 9.027795325759506, "StdReturn": 3.550994237722477, "AverageEpisodeLength": 17.86, "MinEpisodeLength": 13.0, "MaxEpisodeLength": 32.0, "StdEpisodeLength": 2.8810414783546587, "TotalNEpisodes": 2535, "TotalNSamples": 44938.0, "ExplainedVariance": 0.17756069352182302}
{"Iteration": 9, "ExpectedImprovement": 0.032551899552345276, "ActualImprovement": 0.03150567094893608, "ImprovementRatio": 0.9678596758469717,