{"Iteration": 0, "ExpectedImprovement": 0.03079717978835106, "ActualImprovement": 0.022022238403557992, "ImprovementRatio": 0.7150732162783242, "MeanKL": 0.006812872365117073, "Entropy": 0.6924999356269836, "Perplexity": 1.9987059831619263, "AveragePolicyProb[0]": 0.5015509128570557, "AveragePolicyProb[1]": 0.4984491169452667, "AverageReturn": 23.46153846153846, "MinReturn": 9.0, "MaxReturn": 81.0, "StdReturn": 11.748095653308665, "AverageEpisodeLength": 23.46153846153846, "MinEpisodeLength": 9.0, "MaxEpisodeLength": 81.0, "StdEpisodeLength": 11.748095653308665, "TotalNEpisodes": 78, "TotalNSamples": 1830.0, "ExplainedVariance": -0.005866496424152823}
{"Iteration": 1, "ExpectedImprovement": 0.03161771893501282, "ActualImprovement": 0.027792358234524972, "ImprovementRatio": 0.8790121226534239, "MeanKL": 0.006801767740398645, "Entropy": 0.6836187839508057, "Perplexity": 1.9810336828231812, "AveragePolicyProb[0]": 0.49815255403518677, "AveragePolicyProb[1]": 0.5018475651741028, "AverageReturn": 24.73, "MinReturn": 10.0, "MaxReturn": 68.0, "StdReturn": 12.289715212322863, "AverageEpisodeLength": 24.73, "MinEpisodeLength": 10.0, "MaxEpisodeLength": 68.0, "StdEpisodeLength": 12.289715212322863, "TotalNEpisodes": 153, "TotalNSamples": 3753.0, "ExplainedVariance": 0.25775713293165137}
{"Iteration": 2, "ExpectedImprovement": 0.038524940609931946, "ActualImprovement": 0.028546021267770172, "ImprovementRatio": 0.7409750882370172, "MeanKL": 0.00913616456091404, "Entropy": 0.6690306663513184, "Perplexity": 1.9523439407348633, "AveragePolicyProb[0]": 0.5127784609794617, "AveragePolicyProb[1]": 0.4872216284275055, "AverageReturn": 33.82, "MinReturn": 11.0, "MaxReturn": 99.0, "StdReturn": 18.767194782385566, "AverageEpisodeLength": 33.82, "MinEpisodeLength": 11.0, "MaxEpisodeLength": 99.0, "StdEpisodeLength": 18.767194782385566, "TotalNEpisodes": 205, "TotalNSamples": 5759.0, "ExplainedVariance": 0.28435589851409715}
{"Iteration": 3, "ExpectedImprovement": 0.04256238788366318, "ActualImprovement": 0.03205888068677609, "ImprovementRatio": 0.7532209136010747, "MeanKL": 0.007155352272093296, "Entropy": 0.6482065916061401, "Perplexity": 1.9121085405349731, "AveragePolicyProb[0]": 0.535545825958252, "AveragePolicyProb[1]": 0.46445441246032715, "AverageReturn": 39.32, "MinReturn": 11.0, "MaxReturn": 108.0, "StdReturn": 23.452027630889404, "AverageEpisodeLength": 39.32, "MinEpisodeLength": 11.0, "MaxEpisodeLength": 108.0, "StdEpisodeLength": 23.452027630889404, "TotalNEpisodes": 231, "TotalNSamples": 7084.0, "ExplainedVariance": 0.2663209403929795}
{"Iteration": 4, "ExpectedImprovement": 0.04015102982521057, "ActualImprovement": 0.025012465581284005, "ImprovementRatio": 0.6229595029111518, "MeanKL": 0.005608629900962114, "Entropy": 0.6225948333740234, "Perplexity": 1.8637579679489136, "AveragePolicyProb[0]": 0.5277953147888184, "AveragePolicyProb[1]": 0.4722048044204712, "AverageReturn": 52.54, "MinReturn": 11.0, "MaxReturn": 200.0, "StdReturn": 36.97740391103734, "AverageEpisodeLength": 52.54, "MinEpisodeLength": 11.0, "MaxEpisodeLength": 200.0, "StdEpisodeLength": 36.97740391103734, "TotalNEpisodes": 256, "TotalNSamples": 9069.0, "ExplainedVariance": 0.3202367260220864}
{"Iteration": 5, "ExpectedImprovement": 0.04028692469000816, "ActualImprovement": 0.015358029611405755, "ImprovementRatio": 0.3812162315584938, "MeanKL": 0.004870133008807898, "Entropy": 0.6009008884429932, "Perplexity": 1.8237611055374146, "AveragePolicyProb[0]": 0.5388562679290771, "AveragePolicyProb[1]": 0.4611435532569885, "AverageReturn": 65.3, "MinReturn": 11.0, "MaxReturn": 200.0, "StdReturn": 43.76539729055364, "AverageEpisodeLength": 65.3, "MinEpisodeLength": 11.0, "MaxEpisodeLength": 200.0, "StdEpisodeLength": 43.76539729055364, "TotalNEpisodes": 273, "TotalNSamples": 10844.0, "ExplainedVariance": 0.5239673019797053}
{"Iteration": 6, "ExpectedImprovement": 0.03228938579559326, "ActualImprovement": 0.021494013413786206, "ImprovementRatio": 0.6656680789734821, "MeanKL": 0.007445076014846563, "Entropy": 0.5983456373214722, "Perplexity": 1.8191068172454834, "AveragePolicyProb[0]": 0.5201164484024048, "AveragePolicyProb[1]": 0.47988349199295044, "AverageReturn": 81.08, "MinReturn": 11.0, "MaxReturn": 200.0, "StdReturn": 56.07952924196137, "AverageEpisodeLength": 81.08, "MinEpisodeLength": 11.0, "MaxEpisodeLength": 200.0, "StdEpisodeLength": 56.07952924196137, "TotalNEpisodes": 286, "TotalNSamples": 13046.0, "ExplainedVariance": 0.5532699336195643}
{"Iteration": 7, "ExpectedImprovement": 0.04813811182975769, "ActualImprovement": 0.01615148692298618, "ImprovementRatio": 0.3355238979897372, "MeanKL": 0.0091286925598979, "Entropy": 0.5868968963623047, "Perplexity": 1.7983990907669067, "AveragePolicyProb[0]": 0.5149164795875549, "AveragePolicyProb[1]": 0.48508360981941223, "AverageReturn": 86.41, "MinReturn": 11.0, "MaxReturn": 200.0, "StdReturn": 58.341253843228294, "AverageEpisodeLength": 86.41, "MinEpisodeLength": 11.0, "MaxEpisodeLength": 200.0, "StdEpisodeLength": 58.341253843228294, "TotalNEpisodes": 291, "TotalNSamples": 13802.0, "ExplainedVariance": 0.6108611888108784}
{"Iteration": 8, "ExpectedImprovement": 0.03295441344380379, "ActualImprovement": 0.013727550923823273, "ImprovementRatio": 0.4165618346456832, "MeanKL": 0.00892536249011755, "Entropy": 0.5754636526107788, "Perplexity": 1.7779546976089478, "AveragePolicyProb[0]": 0.5317444801330566, "AveragePolicyProb[1]": 0.46825578808784485, "AverageReturn": 108.73, "MinReturn": 12.0, "MaxReturn": 200.0, "StdReturn": 64.26054076958891, "AverageEpisodeLength": 108.73, "MinEpisodeLength": 12.0, "MaxEpisodeLength": 200.0, "StdEpisodeLength": 64.26054076958891, "TotalNEpisodes": 306, "TotalNSamples": 16643.0, "ExplainedVariance": 0.510802792521913}
{"Iteration": 9, "ExpectedImprovement": 0.024050015956163406, "ActualImprovement": 0.017854661228113855, "ImprovementRatio": 0.7423970637133054, "MeanKL": 0.009482448920607567, "Entropy": 0.5752422213554382, "Perplexity": 1.777561068534851, "AveragePolicyProb[0]": 0.4986423850059509, "AveragePolicyProb[1]": 0.5013576745986938, "AverageReturn": 125.7, "MinReturn": 13.0, "MaxReturn": 200.0, "StdReturn": 61.75864311980955, "AverageEpisodeLength": 125.7, "MinEpisodeLength": 13.0, "MaxEpisodeLength": 200.0, "StdEpisodeLength": 61.75864311980955, "TotalNEpisodes": 320, "TotalNSamples": 18968.0, "ExplainedVariance": 0.5440287343124917}
{"Iteration": 10, "ExpectedImprovement": 0.029204538092017174, "ActualImprovement": 0.007020162858061951, "ImprovementRatio": 0.24037917791895694, "MeanKL": 0.004954291973263025, "Entropy": 0.5771797299385071, "Perplexity": 1.7810083627700806, "AveragePolicyProb[0]": 0.5109051465988159, "AveragePolicyProb[1]": 0.48909470438957214, "AverageReturn": 135.29, "MinReturn": 13.0, "MaxReturn": 200.0, "StdReturn": 59.13362748893392, "AverageEpisodeLength": 135.29, "MinEpisodeLength": 13.0, "MaxEpisodeLength": 200.0, "StdEpisodeLength": 59.13362748893392, "TotalNEpisodes": 330, "TotalNSamples": 20537.0, "ExplainedVariance": 0.5022275086163365}
{"Iteration": 11, "ExpectedImprovement": 0.024511678144335747, "ActualImprovement": 0.006310351978996209, "ImprovementRatio": 0.25744267454223363, "MeanKL": 0.005762796849012375, "Entropy": 0.5714653730392456, "Perplexity": 1.7708600759506226, "AveragePolicyProb[0]": 0.5263104438781738, "AveragePolicyProb[1]": 0.47368961572647095, "AverageReturn": 145.82, "MinReturn": 13.0, "MaxReturn": 200.0, "StdReturn": 57.715575020959456, "AverageEpisodeLength": 145.82, "MinEpisodeLength": 13.0, "MaxEpisodeLength": 200.0, "StdEpisodeLength": 57.715575020959456, "TotalNEpisodes": 341, "TotalNSamples": 22437.0, "ExplainedVariance": 0.31556762888080936}
{"Iteration": 12, "ExpectedImprovement": 0.030020754784345627, "ActualImprovement": 0.02052061089501933, "ImprovementRatio": 0.6835474671582821, "MeanKL": 0.007470636162906885, "Entropy": 0.5682191252708435, "Perplexity": 1.7651207447052002, "AveragePolicyProb[0]": 0.503886342048645,