{"episode_lengths": [200, 200, 200, 200, 200, 200, 200, 200, 200, 200, 200, 200, 200, 200, 200, 200, 200, 200, 200, 200, 200, 200, 200, 200, 200], "episode_rewards": [-1505.8266630088203, -1088.973175532225, -1045.3606237884233, -1490.1270303913898, -1031.7061473342, -1039.2562970360143, -1359.1429675363233, -1131.7111616876355, -1051.565120044511, -1282.2190220742123, -886.9449635846421, -1109.5681871474965, -997.0834953202558, -885.2950177984522, -1101.504024268409, -1014.3645586809505, -1038.0655495663543, -1473.3992386192567, -1276.2199956574789, -1183.2732651859192, -1028.5590196971718, -1085.0968345824042, -938.4952035713242, -920.0083404295052, -1074.6086199611352], "episode_types": ["t", "t", "t", "t", "t", "t", "t", "t", "t", "t", "t", "t", "t", "t", "t", "t", "t", "t", "t", "t", "t", "t", "t", "t", "t", "t"], "initial_reset_timestamp": 1574704600.331829, "timestamps": [1574704600.8371031, 1574704601.307081, 1574704601.8831315, 1574704652.3103573, 1574704652.8080103, 1574704653.3963358, 1574704711.588332, 1574704712.2837946, 1574704712.9688392, 1574704783.6875389, 1574704784.3833604, 1574704785.077864, 1574704861.8690584, 1574704862.5656052, 1574704863.235525, 1574704939.490133, 1574704940.183042, 1574704940.8399904, 1574705018.46274, 1574705019.1166644, 1574705019.811137, 1574705091.1937091, 1574705091.8611042, 1574705092.5660012, 1574705093.1926124]}