{"episode_lengths": [200, 200, 200, 200, 200, 200, 200, 200, 200, 200, 200, 200, 200, 200, 200, 200, 200, 200, 200, 200, 200, 200, 200, 200, 200], "episode_rewards": [-992.975422728582, -1043.5677596536566, -1087.4962472818672, -1048.6222009765845, -1149.9343860476442, -1448.7359654925694, -978.4747395495526, -1418.37467965711, -1010.7057426947858, -1113.0719290061184, -981.8428156381985, -1053.8175274065163, -1055.2887014900198, -1000.3675824288784, -1091.0511220524118, -990.2769649263196, -1004.1053471305536, -1001.5118852884224, -1053.3857791365972, -1173.3496885999061, -962.9341589795639, -1028.1426122283522, -990.332577636586, -1245.3893366607572, -1105.291211955693], "episode_types": ["t", "t", "t", "t", "t", "t", "t", "t", "t", "t", "t", "t", "t", "t", "t", "t", "t", "t", "t", "t", "t", "t", "t", "t", "t", "t"], "initial_reset_timestamp": 1574704600.3342907, "timestamps": [1574704600.8404784, 1574704601.311249, 1574704601.8909996, 1574704652.3148897, 1574704652.8103266, 1574704653.398528, 1574704711.5917315, 1574704712.28671, 1574704712.9723303, 1574704783.6953635, 1574704784.3864663, 1574704785.0813198, 1574704861.8714159, 1574704862.569266, 1574704863.2378, 1574704939.493331, 1574704940.1888704, 1574704940.8420706, 1574705018.4683938, 1574705019.1214652, 1574705019.8169565, 1574705091.1987007, 1574705091.8633, 1574705092.5733664, 1574705093.1952024]}