{"episode_lengths": [200, 200, 200, 200, 200, 200, 200, 200, 200, 200, 200, 200, 200, 200, 200, 200, 200, 200, 200, 200, 200, 200, 200, 200, 200], "episode_rewards": [-1002.6086099404232, -1126.5177794848819, -1557.3185134454604, -1152.4021827266934, -1151.0772624627198, -1413.1217474149048, -998.0478091290586, -1232.9139447155828, -1089.8648109914093, -1052.914187779685, -1427.8641527690113, -1043.1297203423603, -1119.5715248997317, -1086.6213047644824, -1250.600828122616, -1212.2926317051433, -1324.1572615863256, -996.1936350555175, -1169.0465043309127, -1181.8732466424547, -995.0462480280809, -889.4909553286222, -752.6596769374431, -1105.2703752873822, -1106.2408519103012], "episode_types": ["t", "t", "t", "t", "t", "t", "t", "t", "t", "t", "t", "t", "t", "t", "t", "t", "t", "t", "t", "t", "t", "t", "t", "t", "t", "t"], "initial_reset_timestamp": 1574704600.3318849, "timestamps": [1574704600.8371363, 1574704601.307174, 1574704601.8882382, 1574704652.3119166, 1574704652.808112, 1574704653.3964322, 1574704711.5884027, 1574704712.2838783, 1574704712.968962, 1574704783.6877697, 1574704784.385222, 1574704785.077811, 1574704861.8691552, 1574704862.565794, 1574704863.2341533, 1574704939.4944627, 1574704940.1841125, 1574704940.8396838, 1574705018.4627836, 1574705019.1167507, 1574705019.8110392, 1574705091.193887, 1574705091.863749, 1574705092.5679538, 1574705093.1907177]}