{"episode_lengths": [200, 200, 200, 200, 200, 200, 200, 200, 200, 200, 200, 200, 200, 200, 200, 200, 200, 200, 200, 200, 200, 200, 200, 200, 200], "episode_rewards": [-1109.9351614005705, -986.2687818723147, -1135.70704874239, -1092.4772662005626, -1076.5883933737714, -1028.4487277729506, -1093.4849384901418, -1020.3622478583608, -906.4425290966724, -1283.889796899958, -1045.9855230384314, -1043.8964181759845, -1249.9854943352263, -1057.7200562823764, -1088.6677594751716, -904.0881913765612, -1214.844373186305, -878.5026951673124, -1090.8081541245415, -872.3640294782558, -983.4063364141184, -986.6128417733656, -1335.1719445571673, -1116.5937589894613, -891.8814366417819], "episode_types": ["t", "t", "t", "t", "t", "t", "t", "t", "t", "t", "t", "t", "t", "t", "t", "t", "t", "t", "t", "t", "t", "t", "t", "t", "t", "t"], "initial_reset_timestamp": 1574704600.3330197, "timestamps": [1574704600.8383353, 1574704601.309126, 1574704601.892616, 1574704652.3128881, 1574704652.8123329, 1574704653.4003716, 1574704711.5895562, 1574704712.28975, 1574704712.970137, 1574704783.6923041, 1574704784.3843699, 1574704785.0790741, 1574704861.874456, 1574704862.5670826, 1574704863.2354183, 1574704939.4952145, 1574704940.1899908, 1574704940.844878, 1574705018.468536, 1574705019.123518, 1574705019.8169565, 1574705091.1952558, 1574705091.8649395, 1574705092.5703466, 1574705093.1919217]}