{"episode_lengths": [200, 200, 200, 200, 200, 200, 200, 200, 200, 200, 200, 200, 200, 200, 200, 200, 200, 200, 200, 200, 200, 200, 200, 200, 200], "episode_rewards": [-1033.2636253795122, -1123.44187634338, -1128.961491029265, -1226.2930417570863, -1353.474632149725, -910.542051232467, -1221.5103664853739, -1348.9154104722616, -1011.1813340204836, -1002.8875632165563, -1083.484670354686, -1387.2632613514165, -1109.3397131057382, -1000.0232306237862, -1088.3695265270865, -1076.6453720788807, -982.7975177510341, -1206.1867562254897, -1359.1416603114108, -1027.1433914724287, -1191.038402788948, -972.8239938714274, -901.9714457931783, -890.1672418636314, -1276.8390625113584], "episode_types": ["t", "t", "t", "t", "t", "t", "t", "t", "t", "t", "t", "t", "t", "t", "t", "t", "t", "t", "t", "t", "t", "t", "t", "t", "t", "t"], "initial_reset_timestamp": 1574704600.3341932, "timestamps": [1574704600.8404784, 1574704601.3112493, 1574704601.8937001, 1574704652.3148897, 1574704652.8134615, 1574704653.4016442, 1574704711.5932388, 1574704712.2909093, 1574704712.972329, 1574704783.6953638, 1574704784.3864663, 1574704785.0813198, 1574704861.8765807, 1574704862.569266, 1574704863.2378764, 1574704939.4972112, 1574704940.1921484, 1574704940.8469558, 1574705018.4702652, 1574705019.126105, 1574705019.8188133, 1574705091.1975317, 1574705091.8665643, 1574705092.572641, 1574705093.1952024]}