{"episode_lengths": [200, 200, 200, 200, 200, 200, 200, 200, 200, 200, 200, 200, 200, 200, 200, 200, 200, 200, 200, 200, 200, 200, 200, 200, 200], "episode_rewards": [-1008.6899083551635, -1161.6476263406723, -1008.1085679995309, -1064.0924961530181, -1153.0654198180712, -1087.6378666397015, -1026.5719710645444, -845.1114756249343, -983.5327429492351, -895.5225122379546, -1163.3377941770054, -1351.231732467595, -984.1529680751607, -893.353843986643, -985.346244294824, -1243.7585620587884, -1187.2733603694696, -1224.1624348174153, -883.8374208729693, -1126.7047348722508, -885.543099593568, -879.6117854601287, -946.2336658038495, -1217.659796022992, -971.310046157373], "episode_types": ["t", "t", "t", "t", "t", "t", "t", "t", "t", "t", "t", "t", "t", "t", "t", "t", "t", "t", "t", "t", "t", "t", "t", "t", "t", "t"], "initial_reset_timestamp": 1574704600.3336294, "timestamps": [1574704600.8395824, 1574704601.3102458, 1574704601.8931632, 1574704652.3140364, 1574704652.812914, 1574704653.4010692, 1574704711.5906372, 1574704712.2903364, 1574704712.971227, 1574704783.694164, 1574704784.385444, 1574704785.0801945, 1574704861.8755097, 1574704862.568155, 1574704863.2366116, 1574704939.4963155, 1574704940.191095, 1574704940.8459272, 1574705018.4695206, 1574705019.1246119, 1574705019.8180792, 1574705091.1964366, 1574705091.8657405, 1574705092.571527, 1574705093.1939442]}