{"episode_lengths": [200, 200, 200, 200, 200, 200, 200, 200, 200, 200, 200, 200, 200, 200, 200, 200, 200, 200, 200, 200, 200, 200, 200, 200, 200], "episode_rewards": [-1021.5117318650939, -1133.1616930837106, -925.121026316332, -1400.2209100117786, -1039.456813229938, -1227.121651523214, -1095.9066508252301, -1240.6832587122087, -1138.2793643286884, -1099.1048864870336, -1300.3230457377797, -1135.081260737927, -1210.4477938453476, -963.0245269329577, -747.166800559425, -961.982685326738, -1015.466211347657, -985.4257839499443, -888.0367983957681, -997.8921339763597, -1033.3729251484644, -909.8813001256956, -1026.7616502791982, -917.0754079035779, -879.0230803626533], "episode_types": ["t", "t", "t", "t", "t", "t", "t", "t", "t", "t", "t", "t", "t", "t", "t", "t", "t", "t", "t", "t", "t", "t", "t", "t", "t", "t"], "initial_reset_timestamp": 1574704600.3318832, "timestamps": [1574704600.8371031, 1574704601.3071084, 1574704601.8881223, 1574704652.3117902, 1574704652.8080769, 1574704653.3963923, 1574704711.588455, 1574704712.283863, 1574704712.9689114, 1574704783.6875925, 1574704784.3831112, 1574704785.077791, 1574704861.8690705, 1574704862.5656161, 1574704863.2340927, 1574704939.490299, 1574704940.184511, 1574704940.839665, 1574705018.4628477, 1574705019.1171296, 1574705019.811016, 1574705091.1953044, 1574705091.8607502, 1574705092.5692766, 1574705093.190538]}