{"episode_lengths": [200, 200, 200, 200, 200, 200, 200, 200, 200, 200, 200, 200, 200, 200, 200, 200, 200, 200, 200, 200, 200, 200, 200, 200, 200], "episode_rewards": [-1303.4225039542898, -1124.210315987262, -1816.024281347436, -1310.41082471281, -1080.107213908305, -1297.6727451763595, -1026.7640773078015, -1042.5310802250328, -1105.400859610307, -1008.8348590165816, -1090.580167409461, -1066.5359602247975, -1282.3345666475302, -1324.3624597093904, -1037.8605966662433, -1029.9931448816928, -1026.935830724186, -1051.1787001940354, -905.5771992549036, -1249.5642190673027, -1222.3608267654265, -1073.4484053046308, -873.9294740924698, -867.8683863532253, -886.5818400077126], "episode_types": ["t", "t", "t", "t", "t", "t", "t", "t", "t", "t", "t", "t", "t", "t", "t", "t", "t", "t", "t", "t", "t", "t", "t", "t", "t", "t"], "initial_reset_timestamp": 1574704600.3336563, "timestamps": [1574704600.8395824, 1574704601.3102458, 1574704601.8903174, 1574704652.3140364, 1574704652.8097274, 1574704653.3978834, 1574704711.5906372, 1574704712.2860484, 1574704712.971227, 1574704783.694164, 1574704784.3854542, 1574704785.080208, 1574704861.8706355, 1574704862.5681608, 1574704863.2366116, 1574704939.492628, 1574704940.1877227, 1574704940.8413353, 1574705018.466599, 1574705019.120139, 1574705019.8159478, 1574705091.1975317, 1574705091.8624747, 1574705092.5721867, 1574705093.1939511]}