{"episode_lengths": [200, 200, 200, 200, 200, 200, 200, 200, 200, 200, 200, 200, 200, 200, 200, 200, 200, 200, 200, 200, 200, 200, 200, 200, 200], "episode_rewards": [-1082.8962166469996, -1230.8578842523368, -1102.0045510039686, -1240.2025126183855, -1144.127543141643, -1034.530047695119, -1106.8665084530903, -1024.0730131619691, -1025.3852708466986, -1206.0207719018229, -1208.2813516667986, -1047.251691739034, -992.3195058895901, -1005.2821213608934, -863.8199515478174, -990.9761585885134, -1003.8592060769593, -991.3230337906074, -1004.5644755949437, -997.7095091422948, -926.3784085296859, -1042.4929875673415, -910.7267175712275, -1019.5354502534193, -991.6840345539347], "episode_types": ["t", "t", "t", "t", "t", "t", "t", "t", "t", "t", "t", "t", "t", "t", "t", "t", "t", "t", "t", "t", "t", "t", "t", "t", "t", "t"], "initial_reset_timestamp": 1574704600.3330295, "timestamps": [1574704600.8383353, 1574704601.309126, 1574704601.8892682, 1574704652.312895, 1574704652.8090742, 1574704653.3972106, 1574704711.5896025, 1574704712.2850804, 1574704712.970137, 1574704783.689269, 1574704784.3843699, 1574704785.0790763, 1574704861.8699534, 1574704862.5670826, 1574704863.2354217, 1574704939.49161, 1574704940.1867206, 1574704940.8406272, 1574705018.4644265, 1574705019.1188483, 1574705019.812434, 1574705091.1964366, 1574705091.8616838, 1574705092.570985, 1574705093.1919217]}