{"episode_lengths": [200, 200, 200, 200, 200, 200, 200, 200, 200, 200, 200, 200, 200, 200, 200, 200, 200, 200, 200, 200, 200, 200, 200, 200, 200], "episode_rewards": [-988.0355811979044, -877.8486468924785, -1152.2509570213742, -1012.1922230951154, -1035.8191655916125, -1564.2941882070031, -1035.1711576370085, -1108.8509631196935, -1172.7078129231006, -1445.3031209574474, -1307.2613338655838, -1031.9418778661861, -893.7113816864622, -903.7664072959819, -1396.9965951157174, -903.0281897603986, -923.4817552990526, -1254.3680374037385, -916.9430058089589, -1042.6126829966688, -964.7806965913728, -958.0610987755952, -865.4992351303902, -990.8314247255323, -1094.3034487540804], "episode_types": ["t", "t", "t", "t", "t", "t", "t", "t", "t", "t", "t", "t", "t", "t", "t", "t", "t", "t", "t", "t", "t", "t", "t", "t", "t", "t"], "initial_reset_timestamp": 1574704600.333609, "timestamps": [1574704600.839584, 1574704601.3102455, 1574704601.8905761, 1574704652.3140204, 1574704652.8099558, 1574704653.3983288, 1574704711.590631, 1574704712.2860656, 1574704712.971227, 1574704783.6928241, 1574704784.3891623, 1574704785.0801947, 1574704861.8711636, 1574704862.568747, 1574704863.2366111, 1574704939.4961684, 1574704940.187552, 1574704940.841941, 1574705018.4662776, 1574705019.1197593, 1574705019.8135478, 1574705091.1961942, 1574705091.865913, 1574705092.571457, 1574705093.193247]}