{"episode_lengths": [200, 200, 200, 200, 200, 200, 200, 200, 200, 200, 200, 200, 200, 200, 200, 200, 200, 200, 200, 200, 200, 200, 200, 200, 200], "episode_rewards": [-1040.8575910318593, -1245.788780403352, -1082.3553847312924, -1108.3696496557639, -1040.3801494901672, -1153.4356259996068, -1215.8209483743985, -1238.4489849986987, -1030.1118457020448, -1013.4604068485922, -1393.5531411764562, -914.709235814102, -896.0949922677254, -896.0900468612106, -1101.7935043271323, -1268.1647221431767, -879.8526874478885, -1303.0880891587283, -1319.5363764747292, -1372.2530355568213, -890.6382684479338, -895.0563714481169, -765.1627929305557, -1007.4712007852377, -849.1220336581433], "episode_types": ["t", "t", "t", "t", "t", "t", "t", "t", "t", "t", "t", "t", "t", "t", "t", "t", "t", "t", "t", "t", "t", "t", "t", "t", "t", "t"], "initial_reset_timestamp": 1574704600.3329947, "timestamps": [1574704600.8383415, 1574704601.3091276, 1574704601.8842058, 1574704652.3111405, 1574704652.8090894, 1574704653.397379, 1574704711.5895872, 1574704712.2850585, 1574704712.970137, 1574704783.6889431, 1574704784.3861983, 1574704785.0789957, 1574704861.8701518, 1574704862.5668821, 1574704863.2366111, 1574704939.4911702, 1574704940.1843896, 1574704940.8410237, 1574705018.4662654, 1574705019.1184459, 1574705019.8131711, 1574705091.195038, 1574705091.8623867, 1574705092.5670657, 1574705093.193947]}