{"episode_lengths": [200, 200, 200, 200, 200, 200, 200, 200, 200, 200, 200, 200, 200, 200, 200, 200, 200, 200, 200, 200, 200, 200, 200, 200, 200], "episode_rewards": [-1051.260868450232, -1029.9106040317092, -1422.9742652251684, -1210.42890386812, -1404.8632896338065, -1166.4838260003808, -1044.412499298895, -997.0460653313969, -1072.9006009473994, -1133.547592102229, -1134.7272086729922, -1099.552177326866, -1109.0294746698796, -977.4035887280975, -1033.2048373822417, -925.2851130029909, -1108.2824660092913, -883.0587121953236, -1090.6028335152612, -1248.7355664408115, -1096.5473989288014, -983.4097183727283, -1127.0486470991277, -996.1812555503279, -899.9734926756702], "episode_types": ["t", "t", "t", "t", "t", "t", "t", "t", "t", "t", "t", "t", "t", "t", "t", "t", "t", "t", "t", "t", "t", "t", "t", "t", "t", "t"], "initial_reset_timestamp": 1574704600.336068, "timestamps": [1574704600.8405175, 1574704601.3112497, 1574704601.889039, 1574704652.3129234, 1574704652.8109052, 1574704653.3994408, 1574704711.5930548, 1574704712.2869685, 1574704712.9723287, 1574704783.694281, 1574704784.3897398, 1574704785.0813189, 1574704861.8728216, 1574704862.5696838, 1574704863.238987, 1574704939.4943395, 1574704940.1876712, 1574704940.842984, 1574705018.4691076, 1574705019.1210148, 1574705019.817186, 1574705091.197295, 1574705091.8647814, 1574705092.5702903, 1574705093.196574]}