{"episode_lengths": [200, 200, 200, 200, 200, 200, 200, 200, 200, 200, 200, 200, 200, 200, 200, 200, 200, 200, 200, 200, 200, 200, 200, 200, 200], "episode_rewards": [-1067.4565389029326, -1162.2678551720758, -1156.8460295844582, -1078.6370126054412, -1107.688492666424, -1043.995218950351, -1108.4268988947995, -1030.4674052654634, -1371.7455703081969, -899.4863451922182, -1027.0294586248797, -1028.2138536493412, -977.4911794329645, -1038.0790211478402, -1005.5779543728905, -975.5303770501612, -883.5376550298067, -1014.6031001780183, -970.8062191421706, -1245.8133215066428, -1024.1095508030276, -997.4522301325513, -1101.0881640405491, -935.2476462055625, -1116.0392009072239], "episode_types": ["t", "t", "t", "t", "t", "t", "t", "t", "t", "t", "t", "t", "t", "t", "t", "t", "t", "t", "t", "t", "t", "t", "t", "t", "t", "t"], "initial_reset_timestamp": 1574704600.334151, "timestamps": [1574704600.8405175, 1574704601.31125, 1574704601.8912137, 1574704652.3146198, 1574704652.8109052, 1574704653.3992867, 1574704711.5919337, 1574704712.2869685, 1574704712.9723287, 1574704783.696319, 1574704784.390238, 1574704785.0813189, 1574704861.872332, 1574704862.5696838, 1574704863.2377877, 1574704939.4968448, 1574704940.1886222, 1574704940.8429725, 1574705018.4680452, 1574705019.1210346, 1574705019.816046, 1574705091.197295, 1574705091.866689, 1574705092.5722477, 1574705093.1943417]}