{"episode_lengths": [200, 200, 200, 200, 200, 200, 200, 200, 200, 200, 200, 200, 200, 200, 200, 200, 200, 200, 200, 200, 200, 200, 200, 200, 200], "episode_rewards": [-1036.6850933782375, -1023.5830582430823, -1099.4248829145483, -1070.6285231430065, -855.3006808422476, -1568.8041207362555, -1618.982015472563, -911.4758486144387, -1056.9610058357562, -915.9494337626217, -980.7269763151248, -1243.4935675202585, -1032.061803187551, -961.8982484372691, -984.1368478866633, -1013.1770965209661, -918.6558295627045, -996.6832351820563, -1034.704332319768, -983.4713089136244, -1027.979274855736, -977.1261260992072, -1117.012728531756, -926.8091204978317, -997.8462696762082], "episode_types": ["t", "t", "t", "t", "t", "t", "t", "t", "t", "t", "t", "t", "t", "t", "t", "t", "t", "t", "t", "t", "t", "t", "t", "t", "t", "t"], "initial_reset_timestamp": 1574704600.3318768, "timestamps": [1574704600.8372056, 1574704601.3074708, 1574704601.891979, 1574704652.3118696, 1574704652.8115819, 1574704653.399629, 1574704711.588455, 1574704712.2890387, 1574704712.9690208, 1574704783.6877286, 1574704784.3833103, 1574704785.0778193, 1574704861.8733518, 1574704862.5657747, 1574704863.2341573, 1574704939.494464, 1574704940.1890044, 1574704940.8436859, 1574705018.4674208, 1574705019.122628, 1574705019.8157809, 1574705091.19399, 1574705091.863812, 1574705092.5681412, 1574705093.1906757]}