{"episode_lengths": [200, 200, 200, 200, 200, 200, 200, 200, 200, 200, 200, 200, 200, 200, 200, 200, 200, 200, 200, 200, 200, 200, 200, 200, 200], "episode_rewards": [-863.2075885047595, -1688.8697949073498, -1154.9867209387048, -1617.1401381748324, -1245.3437566444902, -1568.0716998331404, -1002.7544558554783, -1581.8364913557803, -1111.8374678003104, -1202.1554678431544, -1580.0268723257816, -1005.4773597470218, -1309.6753095963938, -901.8231019926552, -1033.082962522465, -982.3307358122144, -986.6127213361158, -937.0251286359521, -980.4317399671583, -1011.4482497020845, -1107.198175286929, -1223.6231730165164, -1104.2149532741475, -1099.224900051566, -885.1290401125818], "episode_types": ["t", "t", "t", "t", "t", "t", "t", "t", "t", "t", "t", "t", "t", "t", "t", "t", "t", "t", "t", "t", "t", "t", "t", "t", "t", "t"], "initial_reset_timestamp": 1574704600.3329947, "timestamps": [1574704600.8383353, 1574704601.309066, 1574704601.88937, 1574704652.3128886, 1574704652.8090894, 1574704653.397379, 1574704711.589587, 1574704712.2850583, 1574704712.970137, 1574704783.6889434, 1574704784.386379, 1574704785.0790505, 1574704861.870152, 1574704862.5670702, 1574704863.235431, 1574704939.495467, 1574704940.1862206, 1574704940.8408449, 1574705018.464085, 1574705019.1179686, 1574705019.812431, 1574705091.195038, 1574705091.864852, 1574705092.5702903, 1574705093.1919856]}