{"episode_lengths": [200, 200, 200, 200, 200, 200, 200, 200, 200, 200, 200, 200, 200, 200, 200, 200, 200, 200, 200, 200, 200, 200, 200, 200, 200], "episode_rewards": [-1036.1885307968948, -843.094290960602, -1108.6294784214235, -1090.5278449958755, -1373.6660086779382, -1064.3712933197555, -910.6463701718842, -1159.4761507560502, -1366.035307669357, -1028.5773755318794, -1135.321830172861, -1013.9607452282879, -1011.4600103445621, -1107.7110397117224, -905.6713283909967, -1045.067101976406, -1098.9953381325458, -1100.356906533973, -1036.2896962761122, -996.3118753960066, -978.6089163643608, -990.434152447239, -1123.5526892445307, -1029.8046618800772, -954.0265141064895], "episode_types": ["t", "t", "t", "t", "t", "t", "t", "t", "t", "t", "t", "t", "t", "t", "t", "t", "t", "t", "t", "t", "t", "t", "t", "t", "t", "t"], "initial_reset_timestamp": 1574704600.333609, "timestamps": [1574704600.8393235, 1574704601.3102536, 1574704601.886586, 1574704652.3120008, 1574704652.8099558, 1574704653.3983142, 1574704711.590631, 1574704712.2860656, 1574704712.971227, 1574704783.6928241, 1574704784.387516, 1574704785.0801947, 1574704861.8711634, 1574704862.5680096, 1574704863.2377877, 1574704939.493099, 1574704940.1864924, 1574704940.841941, 1574705018.4680452, 1574705019.1197782, 1574705019.8160462, 1574705091.1961942, 1574705091.8636472, 1574705092.5680714, 1574705093.1952055]}